"coord","od","virus_control_od","cell_control_od","drug1_conc","drug2_conc","drug3_conc","drug4_conc","dmso","drug1_name","drug2_name","drug3_name","drug4_name","viral_percent_inh","sdthreshold","run_info","plate_info"
"a1",2.19,2.13675,2.17175,0.125,0,0,0,0,"Remdesivir","Favipiravir","EIDD-1931","Ribavirin",-0.840336134453786,1,"Drug assay CV C1.csv / plate map.csv","Test ID: 724 Test Name: SAM CV scan Date: 10/10/2024 Time: 11:19:45 ID1: 101024 PIV C1 Absorbance  "
"a2",2.167,2.13675,2.17175,0.25,0,0,0,0,"Remdesivir","Favipiravir","EIDD-1931","Ribavirin",0.218717624035917,1,"Drug assay CV C1.csv / plate map.csv","Test ID: 724 Test Name: SAM CV scan Date: 10/10/2024 Time: 11:19:45 ID1: 101024 PIV C1 Absorbance  "
"a3",2.183,2.13675,2.17175,0.5,0,0,0,0,"Remdesivir","Favipiravir","EIDD-1931","Ribavirin",-0.518015425348221,1,"Drug assay CV C1.csv / plate map.csv","Test ID: 724 Test Name: SAM CV scan Date: 10/10/2024 Time: 11:19:45 ID1: 101024 PIV C1 Absorbance  "
"a4",2.106,2.13675,2.17175,1,0,0,0,0,"Remdesivir","Favipiravir","EIDD-1931","Ribavirin",3.02751237481294,1,"Drug assay CV C1.csv / plate map.csv","Test ID: 724 Test Name: SAM CV scan Date: 10/10/2024 Time: 11:19:45 ID1: 101024 PIV C1 Absorbance  "
"a5",2.166,2.13675,2.17175,2,0,0,0,0,"Remdesivir","Favipiravir","EIDD-1931","Ribavirin",0.264763439622421,1,"Drug assay CV C1.csv / plate map.csv","Test ID: 724 Test Name: SAM CV scan Date: 10/10/2024 Time: 11:19:45 ID1: 101024 PIV C1 Absorbance  "
"a6",2.122,2.13675,2.17175,4,0,0,0,0,"Remdesivir","Favipiravir","EIDD-1931","Ribavirin",2.2907793254288,1,"Drug assay CV C1.csv / plate map.csv","Test ID: 724 Test Name: SAM CV scan Date: 10/10/2024 Time: 11:19:45 ID1: 101024 PIV C1 Absorbance  "
"a7",1.855,2.13675,2.17175,8,0,0,0,0,"Remdesivir","Favipiravir","EIDD-1931","Ribavirin",14.5850120870266,1,"Drug assay CV C1.csv / plate map.csv","Test ID: 724 Test Name: SAM CV scan Date: 10/10/2024 Time: 11:19:45 ID1: 101024 PIV C1 Absorbance  "
"a8",2.083,2.13675,2.17175,16,0,0,0,0,"Remdesivir","Favipiravir","EIDD-1931","Ribavirin",4.08656613330262,1,"Drug assay CV C1.csv / plate map.csv","Test ID: 724 Test Name: SAM CV scan Date: 10/10/2024 Time: 11:19:45 ID1: 101024 PIV C1 Absorbance  "
"a9",2.144,2.13675,2.17175,0,0,0,0,0,"Remdesivir","Favipiravir","EIDD-1931","Ribavirin",1.2777713825256,1,"Drug assay CV C1.csv / plate map.csv","Test ID: 724 Test Name: SAM CV scan Date: 10/10/2024 Time: 11:19:45 ID1: 101024 PIV C1 Absorbance  "
"a10",2.124,2.13675,2.17175,0,0,0,0,0,"Remdesivir","Favipiravir","EIDD-1931","Ribavirin",2.19868769425577,1,"Drug assay CV C1.csv / plate map.csv","Test ID: 724 Test Name: SAM CV scan Date: 10/10/2024 Time: 11:19:45 ID1: 101024 PIV C1 Absorbance  "
"a11",2.171,2.13675,2.17175,0,0,0,0,0,"Remdesivir","Favipiravir","EIDD-1931","Ribavirin",0.0345343616898827,1,"Drug assay CV C1.csv / plate map.csv","Test ID: 724 Test Name: SAM CV scan Date: 10/10/2024 Time: 11:19:45 ID1: 101024 PIV C1 Absorbance  "
"a12",2.16,2.13675,2.17175,0,0,0,0,0,"Remdesivir","Favipiravir","EIDD-1931","Ribavirin",0.541038333141462,1,"Drug assay CV C1.csv / plate map.csv","Test ID: 724 Test Name: SAM CV scan Date: 10/10/2024 Time: 11:19:45 ID1: 101024 PIV C1 Absorbance  "
"b1",2.173,2.13675,2.17175,0,1,0,0,0,"Remdesivir","Favipiravir","EIDD-1931","Ribavirin",-0.0575572694831447,1,"Drug assay CV C1.csv / plate map.csv","Test ID: 724 Test Name: SAM CV scan Date: 10/10/2024 Time: 11:19:45 ID1: 101024 PIV C1 Absorbance  "
"b2",2.149,2.13675,2.17175,0,2,0,0,0,"Remdesivir","Favipiravir","EIDD-1931","Ribavirin",1.04754230459306,1,"Drug assay CV C1.csv / plate map.csv","Test ID: 724 Test Name: SAM CV scan Date: 10/10/2024 Time: 11:19:45 ID1: 101024 PIV C1 Absorbance  "
"b3",2.143,2.13675,2.17175,0,4,0,0,0,"Remdesivir","Favipiravir","EIDD-1931","Ribavirin",1.32381719811212,1,"Drug assay CV C1.csv / plate map.csv","Test ID: 724 Test Name: SAM CV scan Date: 10/10/2024 Time: 11:19:45 ID1: 101024 PIV C1 Absorbance  "
"b4",2.102,2.13675,2.17175,0,8,0,0,0,"Remdesivir","Favipiravir","EIDD-1931","Ribavirin",3.21169563715897,1,"Drug assay CV C1.csv / plate map.csv","Test ID: 724 Test Name: SAM CV scan Date: 10/10/2024 Time: 11:19:45 ID1: 101024 PIV C1 Absorbance  "
"b5",2.113,2.13675,2.17175,0,16,0,0,0,"Remdesivir","Favipiravir","EIDD-1931","Ribavirin",2.70519166570737,1,"Drug assay CV C1.csv / plate map.csv","Test ID: 724 Test Name: SAM CV scan Date: 10/10/2024 Time: 11:19:45 ID1: 101024 PIV C1 Absorbance  "
"b6",2.094,2.13675,2.17175,0,32,0,0,0,"Remdesivir","Favipiravir","EIDD-1931","Ribavirin",3.58006216185104,1,"Drug assay CV C1.csv / plate map.csv","Test ID: 724 Test Name: SAM CV scan Date: 10/10/2024 Time: 11:19:45 ID1: 101024 PIV C1 Absorbance  "
"b7",1.88,2.13675,2.17175,0,64,0,0,0,"Remdesivir","Favipiravir","EIDD-1931","Ribavirin",13.4338666973639,1,"Drug assay CV C1.csv / plate map.csv","Test ID: 724 Test Name: SAM CV scan Date: 10/10/2024 Time: 11:19:45 ID1: 101024 PIV C1 Absorbance  "
"b8",1.786,2.13675,2.17175,0,128,0,0,0,"Remdesivir","Favipiravir","EIDD-1931","Ribavirin",17.7621733624957,1,"Drug assay CV C1.csv / plate map.csv","Test ID: 724 Test Name: SAM CV scan Date: 10/10/2024 Time: 11:19:45 ID1: 101024 PIV C1 Absorbance  "
"b9",2.137,2.13675,2.17175,0,0,0,0,0,"Remdesivir","Favipiravir","EIDD-1931","Ribavirin",1.60009209163117,1,"Drug assay CV C1.csv / plate map.csv","Test ID: 724 Test Name: SAM CV scan Date: 10/10/2024 Time: 11:19:45 ID1: 101024 PIV C1 Absorbance  "
"b10",2.136,2.13675,2.17175,0,0,0,0,0,"Remdesivir","Favipiravir","EIDD-1931","Ribavirin",1.64613790721767,1,"Drug assay CV C1.csv / plate map.csv","Test ID: 724 Test Name: SAM CV scan Date: 10/10/2024 Time: 11:19:45 ID1: 101024 PIV C1 Absorbance  "
"b11",2.128,2.13675,2.17175,0,0,0,0,0,"Remdesivir","Favipiravir","EIDD-1931","Ribavirin",2.01450443190974,1,"Drug assay CV C1.csv / plate map.csv","Test ID: 724 Test Name: SAM CV scan Date: 10/10/2024 Time: 11:19:45 ID1: 101024 PIV C1 Absorbance  "
"b12",2.199,2.13675,2.17175,0,0,0,0,0,"Remdesivir","Favipiravir","EIDD-1931","Ribavirin",-1.25474847473236,1,"Drug assay CV C1.csv / plate map.csv","Test ID: 724 Test Name: SAM CV scan Date: 10/10/2024 Time: 11:19:45 ID1: 101024 PIV C1 Absorbance  "
"c1",2.222,2.13675,2.17175,0,0,0,0.25,0,"Remdesivir","Favipiravir","EIDD-1931","Ribavirin",-2.31380223322206,1,"Drug assay CV C1.csv / plate map.csv","Test ID: 724 Test Name: SAM CV scan Date: 10/10/2024 Time: 11:19:45 ID1: 101024 PIV C1 Absorbance  "
"c2",2.09,2.13675,2.17175,0,0,0,0.5,0,"Remdesivir","Favipiravir","EIDD-1931","Ribavirin",3.76424542419708,1,"Drug assay CV C1.csv / plate map.csv","Test ID: 724 Test Name: SAM CV scan Date: 10/10/2024 Time: 11:19:45 ID1: 101024 PIV C1 Absorbance  "
"c3",2.156,2.13675,2.17175,0,0,0,1,0,"Remdesivir","Favipiravir","EIDD-1931","Ribavirin",0.725221595487497,1,"Drug assay CV C1.csv / plate map.csv","Test ID: 724 Test Name: SAM CV scan Date: 10/10/2024 Time: 11:19:45 ID1: 101024 PIV C1 Absorbance  "
"c4",1.881,2.13675,2.17175,0,0,0,2,0,"Remdesivir","Favipiravir","EIDD-1931","Ribavirin",13.3878208817774,1,"Drug assay CV C1.csv / plate map.csv","Test ID: 724 Test Name: SAM CV scan Date: 10/10/2024 Time: 11:19:45 ID1: 101024 PIV C1 Absorbance  "
"c5",2.112,2.13675,2.17175,0,0,0,4,0,"Remdesivir","Favipiravir","EIDD-1931","Ribavirin",2.75123748129388,1,"Drug assay CV C1.csv / plate map.csv","Test ID: 724 Test Name: SAM CV scan Date: 10/10/2024 Time: 11:19:45 ID1: 101024 PIV C1 Absorbance  "
"c6",2.06,2.13675,2.17175,0,0,0,8,0,"Remdesivir","Favipiravir","EIDD-1931","Ribavirin",5.14561989179232,1,"Drug assay CV C1.csv / plate map.csv","Test ID: 724 Test Name: SAM CV scan Date: 10/10/2024 Time: 11:19:45 ID1: 101024 PIV C1 Absorbance  "
"c7",1.911,2.13675,2.17175,0,0,0,16,0,"Remdesivir","Favipiravir","EIDD-1931","Ribavirin",12.0064464141821,1,"Drug assay CV C1.csv / plate map.csv","Test ID: 724 Test Name: SAM CV scan Date: 10/10/2024 Time: 11:19:45 ID1: 101024 PIV C1 Absorbance  "
"c8",1.727,2.13675,2.17175,0,0,0,32,0,"Remdesivir","Favipiravir","EIDD-1931","Ribavirin",20.4788764820997,1,"Drug assay CV C1.csv / plate map.csv","Test ID: 724 Test Name: SAM CV scan Date: 10/10/2024 Time: 11:19:45 ID1: 101024 PIV C1 Absorbance  "
"c9",2.13,2.13675,2.17175,0,0,0,0,0,"Remdesivir","Favipiravir","EIDD-1931","Ribavirin",1.92241280073673,1,"Drug assay CV C1.csv / plate map.csv","Test ID: 724 Test Name: SAM CV scan Date: 10/10/2024 Time: 11:19:45 ID1: 101024 PIV C1 Absorbance  "
"c10",2.158,2.13675,2.17175,0,0,0,0,0,"Remdesivir","Favipiravir","EIDD-1931","Ribavirin",0.63312996431449,1,"Drug assay CV C1.csv / plate map.csv","Test ID: 724 Test Name: SAM CV scan Date: 10/10/2024 Time: 11:19:45 ID1: 101024 PIV C1 Absorbance  "
"c11",2.185,2.13675,2.17175,0,0,0,0,0,"Remdesivir","Favipiravir","EIDD-1931","Ribavirin",-0.610107056521248,1,"Drug assay CV C1.csv / plate map.csv","Test ID: 724 Test Name: SAM CV scan Date: 10/10/2024 Time: 11:19:45 ID1: 101024 PIV C1 Absorbance  "
"c12",2.171,2.13675,2.17175,0,0,0,0,0,"Remdesivir","Favipiravir","EIDD-1931","Ribavirin",0.0345343616898827,1,"Drug assay CV C1.csv / plate map.csv","Test ID: 724 Test Name: SAM CV scan Date: 10/10/2024 Time: 11:19:45 ID1: 101024 PIV C1 Absorbance  "
"d1",2.169,2.13675,2.17175,0.125,1,0,0,0,"Remdesivir","Favipiravir","EIDD-1931","Ribavirin",0.12662599286289,1,"Drug assay CV C1.csv / plate map.csv","Test ID: 724 Test Name: SAM CV scan Date: 10/10/2024 Time: 11:19:45 ID1: 101024 PIV C1 Absorbance  "
"d2",2.067,2.13675,2.17175,0.5,1,0,0,0,"Remdesivir","Favipiravir","EIDD-1931","Ribavirin",4.82329918268676,1,"Drug assay CV C1.csv / plate map.csv","Test ID: 724 Test Name: SAM CV scan Date: 10/10/2024 Time: 11:19:45 ID1: 101024 PIV C1 Absorbance  "
"d3",2.156,2.13675,2.17175,2,1,0,0,0,"Remdesivir","Favipiravir","EIDD-1931","Ribavirin",0.725221595487497,1,"Drug assay CV C1.csv / plate map.csv","Test ID: 724 Test Name: SAM CV scan Date: 10/10/2024 Time: 11:19:45 ID1: 101024 PIV C1 Absorbance  "
"d4",2.161,2.13675,2.17175,4,1,0,0,0,"Remdesivir","Favipiravir","EIDD-1931","Ribavirin",0.494992517554959,1,"Drug assay CV C1.csv / plate map.csv","Test ID: 724 Test Name: SAM CV scan Date: 10/10/2024 Time: 11:19:45 ID1: 101024 PIV C1 Absorbance  "
"d5",2.093,2.13675,2.17175,0.125,0,0,0.25,0,"Remdesivir","Favipiravir","EIDD-1931","Ribavirin",3.62610797743754,1,"Drug assay CV C1.csv / plate map.csv","Test ID: 724 Test Name: SAM CV scan Date: 10/10/2024 Time: 11:19:45 ID1: 101024 PIV C1 Absorbance  "
"d6",2.124,2.13675,2.17175,0.5,0,0,0.25,0,"Remdesivir","Favipiravir","EIDD-1931","Ribavirin",2.19868769425577,1,"Drug assay CV C1.csv / plate map.csv","Test ID: 724 Test Name: SAM CV scan Date: 10/10/2024 Time: 11:19:45 ID1: 101024 PIV C1 Absorbance  "
"d7",2.115,2.13675,2.17175,2,0,0,0.25,0,"Remdesivir","Favipiravir","EIDD-1931","Ribavirin",2.61310003453434,1,"Drug assay CV C1.csv / plate map.csv","Test ID: 724 Test Name: SAM CV scan Date: 10/10/2024 Time: 11:19:45 ID1: 101024 PIV C1 Absorbance  "
"d8",2.146,2.13675,2.17175,4,0,0,0.25,0,"Remdesivir","Favipiravir","EIDD-1931","Ribavirin",1.18567975135259,1,"Drug assay CV C1.csv / plate map.csv","Test ID: 724 Test Name: SAM CV scan Date: 10/10/2024 Time: 11:19:45 ID1: 101024 PIV C1 Absorbance  "
"d9",2.136,2.13675,2.17175,0,1,0,0.25,0,"Remdesivir","Favipiravir","EIDD-1931","Ribavirin",1.64613790721767,1,"Drug assay CV C1.csv / plate map.csv","Test ID: 724 Test Name: SAM CV scan Date: 10/10/2024 Time: 11:19:45 ID1: 101024 PIV C1 Absorbance  "
"d10",2.098,2.13675,2.17175,0,8,0,0.25,0,"Remdesivir","Favipiravir","EIDD-1931","Ribavirin",3.39587889950501,1,"Drug assay CV C1.csv / plate map.csv","Test ID: 724 Test Name: SAM CV scan Date: 10/10/2024 Time: 11:19:45 ID1: 101024 PIV C1 Absorbance  "
"d11",2.12,2.13675,2.17175,0,16,0,0.25,0,"Remdesivir","Favipiravir","EIDD-1931","Ribavirin",2.38287095660181,1,"Drug assay CV C1.csv / plate map.csv","Test ID: 724 Test Name: SAM CV scan Date: 10/10/2024 Time: 11:19:45 ID1: 101024 PIV C1 Absorbance  "
"d12",1.788,2.13675,2.17175,0,64,0,0.25,0,"Remdesivir","Favipiravir","EIDD-1931","Ribavirin",17.6700817313227,1,"Drug assay CV C1.csv / plate map.csv","Test ID: 724 Test Name: SAM CV scan Date: 10/10/2024 Time: 11:19:45 ID1: 101024 PIV C1 Absorbance  "
"e1",2.156,2.13675,2.17175,0.125,4,0,0,0,"Remdesivir","Favipiravir","EIDD-1931","Ribavirin",0.725221595487497,1,"Drug assay CV C1.csv / plate map.csv","Test ID: 724 Test Name: SAM CV scan Date: 10/10/2024 Time: 11:19:45 ID1: 101024 PIV C1 Absorbance  "
"e2",2.14,2.13675,2.17175,0.5,4,0,0,0,"Remdesivir","Favipiravir","EIDD-1931","Ribavirin",1.46195464487163,1,"Drug assay CV C1.csv / plate map.csv","Test ID: 724 Test Name: SAM CV scan Date: 10/10/2024 Time: 11:19:45 ID1: 101024 PIV C1 Absorbance  "
"e3",2.168,2.13675,2.17175,2,4,0,0,0,"Remdesivir","Favipiravir","EIDD-1931","Ribavirin",0.172671808449393,1,"Drug assay CV C1.csv / plate map.csv","Test ID: 724 Test Name: SAM CV scan Date: 10/10/2024 Time: 11:19:45 ID1: 101024 PIV C1 Absorbance  "
"e4",2.119,2.13675,2.17175,4,4,0,0,0,"Remdesivir","Favipiravir","EIDD-1931","Ribavirin",2.42891677218831,1,"Drug assay CV C1.csv / plate map.csv","Test ID: 724 Test Name: SAM CV scan Date: 10/10/2024 Time: 11:19:45 ID1: 101024 PIV C1 Absorbance  "
"e5",1.888,2.13675,2.17175,0.125,0,0,1,0,"Remdesivir","Favipiravir","EIDD-1931","Ribavirin",13.0655001726718,1,"Drug assay CV C1.csv / plate map.csv","Test ID: 724 Test Name: SAM CV scan Date: 10/10/2024 Time: 11:19:45 ID1: 101024 PIV C1 Absorbance  "
"e6",2.13,2.13675,2.17175,0.5,0,0,1,0,"Remdesivir","Favipiravir","EIDD-1931","Ribavirin",1.92241280073673,1,"Drug assay CV C1.csv / plate map.csv","Test ID: 724 Test Name: SAM CV scan Date: 10/10/2024 Time: 11:19:45 ID1: 101024 PIV C1 Absorbance  "
"e7",2.171,2.13675,2.17175,2,0,0,1,0,"Remdesivir","Favipiravir","EIDD-1931","Ribavirin",0.0345343616898827,1,"Drug assay CV C1.csv / plate map.csv","Test ID: 724 Test Name: SAM CV scan Date: 10/10/2024 Time: 11:19:45 ID1: 101024 PIV C1 Absorbance  "
"e8",2.132,2.13675,2.17175,4,0,0,1,0,"Remdesivir","Favipiravir","EIDD-1931","Ribavirin",1.8303211695637,1,"Drug assay CV C1.csv / plate map.csv","Test ID: 724 Test Name: SAM CV scan Date: 10/10/2024 Time: 11:19:45 ID1: 101024 PIV C1 Absorbance  "
"e9",2.156,2.13675,2.17175,0,1,0,1,0,"Remdesivir","Favipiravir","EIDD-1931","Ribavirin",0.725221595487497,1,"Drug assay CV C1.csv / plate map.csv","Test ID: 724 Test Name: SAM CV scan Date: 10/10/2024 Time: 11:19:45 ID1: 101024 PIV C1 Absorbance  "
"e10",2.179,2.13675,2.17175,0,8,0,1,0,"Remdesivir","Favipiravir","EIDD-1931","Ribavirin",-0.333832163002186,1,"Drug assay CV C1.csv / plate map.csv","Test ID: 724 Test Name: SAM CV scan Date: 10/10/2024 Time: 11:19:45 ID1: 101024 PIV C1 Absorbance  "
"e11",2.155,2.13675,2.17175,0,16,0,1,0,"Remdesivir","Favipiravir","EIDD-1931","Ribavirin",0.771267411074021,1,"Drug assay CV C1.csv / plate map.csv","Test ID: 724 Test Name: SAM CV scan Date: 10/10/2024 Time: 11:19:45 ID1: 101024 PIV C1 Absorbance  "
"e12",1.789,2.13675,2.17175,0,64,0,1,0,"Remdesivir","Favipiravir","EIDD-1931","Ribavirin",17.6240359157362,1,"Drug assay CV C1.csv / plate map.csv","Test ID: 724 Test Name: SAM CV scan Date: 10/10/2024 Time: 11:19:45 ID1: 101024 PIV C1 Absorbance  "
"f1",2.127,2.13675,2.17175,0.125,16,0,0,0,"Remdesivir","Favipiravir","EIDD-1931","Ribavirin",2.06055024749626,1,"Drug assay CV C1.csv / plate map.csv","Test ID: 724 Test Name: SAM CV scan Date: 10/10/2024 Time: 11:19:45 ID1: 101024 PIV C1 Absorbance  "
"f2",2.169,2.13675,2.17175,0.5,16,0,0,0,"Remdesivir","Favipiravir","EIDD-1931","Ribavirin",0.12662599286289,1,"Drug assay CV C1.csv / plate map.csv","Test ID: 724 Test Name: SAM CV scan Date: 10/10/2024 Time: 11:19:45 ID1: 101024 PIV C1 Absorbance  "
"f3",1.678,2.13675,2.17175,2,16,0,0,0,"Remdesivir","Favipiravir","EIDD-1931","Ribavirin",22.7351214458386,1,"Drug assay CV C1.csv / plate map.csv","Test ID: 724 Test Name: SAM CV scan Date: 10/10/2024 Time: 11:19:45 ID1: 101024 PIV C1 Absorbance  "
"f4",2.122,2.13675,2.17175,4,16,0,0,0,"Remdesivir","Favipiravir","EIDD-1931","Ribavirin",2.2907793254288,1,"Drug assay CV C1.csv / plate map.csv","Test ID: 724 Test Name: SAM CV scan Date: 10/10/2024 Time: 11:19:45 ID1: 101024 PIV C1 Absorbance  "
"f5",2.002,2.13675,2.17175,0.125,0,0,4,0,"Remdesivir","Favipiravir","EIDD-1931","Ribavirin",7.81627719580983,1,"Drug assay CV C1.csv / plate map.csv","Test ID: 724 Test Name: SAM CV scan Date: 10/10/2024 Time: 11:19:45 ID1: 101024 PIV C1 Absorbance  "
"f6",1.763,2.13675,2.17175,0.5,0,0,4,0,"Remdesivir","Favipiravir","EIDD-1931","Ribavirin",18.8212271209854,1,"Drug assay CV C1.csv / plate map.csv","Test ID: 724 Test Name: SAM CV scan Date: 10/10/2024 Time: 11:19:45 ID1: 101024 PIV C1 Absorbance  "
"f7",2.122,2.13675,2.17175,2,0,0,4,0,"Remdesivir","Favipiravir","EIDD-1931","Ribavirin",2.2907793254288,1,"Drug assay CV C1.csv / plate map.csv","Test ID: 724 Test Name: SAM CV scan Date: 10/10/2024 Time: 11:19:45 ID1: 101024 PIV C1 Absorbance  "
"f8",1.814,2.13675,2.17175,4,0,0,4,0,"Remdesivir","Favipiravir","EIDD-1931","Ribavirin",16.4728905260734,1,"Drug assay CV C1.csv / plate map.csv","Test ID: 724 Test Name: SAM CV scan Date: 10/10/2024 Time: 11:19:45 ID1: 101024 PIV C1 Absorbance  "
"f9",2.066,2.13675,2.17175,0,1,0,4,0,"Remdesivir","Favipiravir","EIDD-1931","Ribavirin",4.86934499827328,1,"Drug assay CV C1.csv / plate map.csv","Test ID: 724 Test Name: SAM CV scan Date: 10/10/2024 Time: 11:19:45 ID1: 101024 PIV C1 Absorbance  "
"f10",1.884,2.13675,2.17175,0,8,0,4,0,"Remdesivir","Favipiravir","EIDD-1931","Ribavirin",13.2496834350178,1,"Drug assay CV C1.csv / plate map.csv","Test ID: 724 Test Name: SAM CV scan Date: 10/10/2024 Time: 11:19:45 ID1: 101024 PIV C1 Absorbance  "
"f11",2.073,2.13675,2.17175,0,16,0,4,0,"Remdesivir","Favipiravir","EIDD-1931","Ribavirin",4.54702428916772,1,"Drug assay CV C1.csv / plate map.csv","Test ID: 724 Test Name: SAM CV scan Date: 10/10/2024 Time: 11:19:45 ID1: 101024 PIV C1 Absorbance  "
"f12",1.704,2.13675,2.17175,0,64,0,4,0,"Remdesivir","Favipiravir","EIDD-1931","Ribavirin",21.5379302405894,1,"Drug assay CV C1.csv / plate map.csv","Test ID: 724 Test Name: SAM CV scan Date: 10/10/2024 Time: 11:19:45 ID1: 101024 PIV C1 Absorbance  "
"g1",1.766,2.13675,2.17175,0.125,64,0,0,0,"Remdesivir","Favipiravir","EIDD-1931","Ribavirin",18.6830896742258,1,"Drug assay CV C1.csv / plate map.csv","Test ID: 724 Test Name: SAM CV scan Date: 10/10/2024 Time: 11:19:45 ID1: 101024 PIV C1 Absorbance  "
"g2",1.576,2.13675,2.17175,0.5,64,0,0,0,"Remdesivir","Favipiravir","EIDD-1931","Ribavirin",27.4317946356625,1,"Drug assay CV C1.csv / plate map.csv","Test ID: 724 Test Name: SAM CV scan Date: 10/10/2024 Time: 11:19:45 ID1: 101024 PIV C1 Absorbance  "
"g3",1.652,2.13675,2.17175,2,64,0,0,0,"Remdesivir","Favipiravir","EIDD-1931","Ribavirin",23.9323126510878,1,"Drug assay CV C1.csv / plate map.csv","Test ID: 724 Test Name: SAM CV scan Date: 10/10/2024 Time: 11:19:45 ID1: 101024 PIV C1 Absorbance  "
"g4",1.837,2.13675,2.17175,4,64,0,0,0,"Remdesivir","Favipiravir","EIDD-1931","Ribavirin",15.4138367675837,1,"Drug assay CV C1.csv / plate map.csv","Test ID: 724 Test Name: SAM CV scan Date: 10/10/2024 Time: 11:19:45 ID1: 101024 PIV C1 Absorbance  "
"g5",1.75,2.13675,2.17175,0.125,0,0,8,0,"Remdesivir","Favipiravir","EIDD-1931","Ribavirin",19.41982272361,1,"Drug assay CV C1.csv / plate map.csv","Test ID: 724 Test Name: SAM CV scan Date: 10/10/2024 Time: 11:19:45 ID1: 101024 PIV C1 Absorbance  "
"g6",1.9,2.13675,2.17175,0.5,0,0,8,0,"Remdesivir","Favipiravir","EIDD-1931","Ribavirin",12.5129503856337,1,"Drug assay CV C1.csv / plate map.csv","Test ID: 724 Test Name: SAM CV scan Date: 10/10/2024 Time: 11:19:45 ID1: 101024 PIV C1 Absorbance  "
"g7",1.805,2.13675,2.17175,2,0,0,8,0,"Remdesivir","Favipiravir","EIDD-1931","Ribavirin",16.887302866352,1,"Drug assay CV C1.csv / plate map.csv","Test ID: 724 Test Name: SAM CV scan Date: 10/10/2024 Time: 11:19:45 ID1: 101024 PIV C1 Absorbance  "
"g8",1.792,2.13675,2.17175,4,0,0,8,0,"Remdesivir","Favipiravir","EIDD-1931","Ribavirin",17.4858984689766,1,"Drug assay CV C1.csv / plate map.csv","Test ID: 724 Test Name: SAM CV scan Date: 10/10/2024 Time: 11:19:45 ID1: 101024 PIV C1 Absorbance  "
"g9",1.781,2.13675,2.17175,0,1,0,8,0,"Remdesivir","Favipiravir","EIDD-1931","Ribavirin",17.9924024404282,1,"Drug assay CV C1.csv / plate map.csv","Test ID: 724 Test Name: SAM CV scan Date: 10/10/2024 Time: 11:19:45 ID1: 101024 PIV C1 Absorbance  "
"g10",1.47,2.13675,2.17175,0,8,0,8,0,"Remdesivir","Favipiravir","EIDD-1931","Ribavirin",32.3126510878324,1,"Drug assay CV C1.csv / plate map.csv","Test ID: 724 Test Name: SAM CV scan Date: 10/10/2024 Time: 11:19:45 ID1: 101024 PIV C1 Absorbance  "
"g11",1.76,2.13675,2.17175,0,16,0,8,0,"Remdesivir","Favipiravir","EIDD-1931","Ribavirin",18.9593645677449,1,"Drug assay CV C1.csv / plate map.csv","Test ID: 724 Test Name: SAM CV scan Date: 10/10/2024 Time: 11:19:45 ID1: 101024 PIV C1 Absorbance  "
"g12",1.507,2.13675,2.17175,0,64,0,8,0,"Remdesivir","Favipiravir","EIDD-1931","Ribavirin",30.6089559111316,1,"Drug assay CV C1.csv / plate map.csv","Test ID: 724 Test Name: SAM CV scan Date: 10/10/2024 Time: 11:19:45 ID1: 101024 PIV C1 Absorbance  "
"h1",2.2,2.13675,2.17175,0,0,0,0,0.02,"Remdesivir","Favipiravir","EIDD-1931","Ribavirin",-1.30079429031888,1,"Drug assay CV C1.csv / plate map.csv","Test ID: 724 Test Name: SAM CV scan Date: 10/10/2024 Time: 11:19:45 ID1: 101024 PIV C1 Absorbance  "
"h2",2.172,2.13675,2.17175,0,0,0,0,0.04,"Remdesivir","Favipiravir","EIDD-1931","Ribavirin",-0.0115114538966412,1,"Drug assay CV C1.csv / plate map.csv","Test ID: 724 Test Name: SAM CV scan Date: 10/10/2024 Time: 11:19:45 ID1: 101024 PIV C1 Absorbance  "
"h3",1.827,2.13675,2.17175,0,0,0,0,0.08,"Remdesivir","Favipiravir","EIDD-1931","Ribavirin",15.8742949234488,1,"Drug assay CV C1.csv / plate map.csv","Test ID: 724 Test Name: SAM CV scan Date: 10/10/2024 Time: 11:19:45 ID1: 101024 PIV C1 Absorbance  "
"h4",2.15,2.13675,2.17175,0,0,0,0,0.2,"Remdesivir","Favipiravir","EIDD-1931","Ribavirin",1.00149648900656,1,"Drug assay CV C1.csv / plate map.csv","Test ID: 724 Test Name: SAM CV scan Date: 10/10/2024 Time: 11:19:45 ID1: 101024 PIV C1 Absorbance  "
"h5",2.052,2.13675,2.17175,0,0,0,0,0.3,"Remdesivir","Favipiravir","EIDD-1931","Ribavirin",5.51398641648439,1,"Drug assay CV C1.csv / plate map.csv","Test ID: 724 Test Name: SAM CV scan Date: 10/10/2024 Time: 11:19:45 ID1: 101024 PIV C1 Absorbance  "
"h6",1.487,2.13675,2.17175,0,0,0,0,0.6,"Remdesivir","Favipiravir","EIDD-1931","Ribavirin",31.5298722228617,1,"Drug assay CV C1.csv / plate map.csv","Test ID: 724 Test Name: SAM CV scan Date: 10/10/2024 Time: 11:19:45 ID1: 101024 PIV C1 Absorbance  "
"h7",1.557,2.13675,2.17175,0,0,0,0,1.3,"Remdesivir","Favipiravir","EIDD-1931","Ribavirin",28.3066651318061,1,"Drug assay CV C1.csv / plate map.csv","Test ID: 724 Test Name: SAM CV scan Date: 10/10/2024 Time: 11:19:45 ID1: 101024 PIV C1 Absorbance  "
"h8",1.243,2.13675,2.17175,0,0,0,0,2.6,"Remdesivir","Favipiravir","EIDD-1931","Ribavirin",42.7650512259698,1,"Drug assay CV C1.csv / plate map.csv","Test ID: 724 Test Name: SAM CV scan Date: 10/10/2024 Time: 11:19:45 ID1: 101024 PIV C1 Absorbance  "
"h9",0.444,2.13675,2.17175,0,0,0,0,5.1,"Remdesivir","Favipiravir","EIDD-1931","Ribavirin",79.5556578795902,1,"Drug assay CV C1.csv / plate map.csv","Test ID: 724 Test Name: SAM CV scan Date: 10/10/2024 Time: 11:19:45 ID1: 101024 PIV C1 Absorbance  "
"h10",0.41,2.13675,2.17175,0,0,0,0,25,"Remdesivir","Favipiravir","EIDD-1931","Ribavirin",81.1212156095315,1,"Drug assay CV C1.csv / plate map.csv","Test ID: 724 Test Name: SAM CV scan Date: 10/10/2024 Time: 11:19:45 ID1: 101024 PIV C1 Absorbance  "
"h11",0.439,2.13675,2.17175,0,0,0,0,25,"Remdesivir","Favipiravir","EIDD-1931","Ribavirin",79.7858869575227,1,"Drug assay CV C1.csv / plate map.csv","Test ID: 724 Test Name: SAM CV scan Date: 10/10/2024 Time: 11:19:45 ID1: 101024 PIV C1 Absorbance  "
"h12",0.396,2.13675,2.17175,0,0,0,0,0,"Remdesivir","Favipiravir","EIDD-1931","Ribavirin",81.7658570277426,1,"Drug assay CV C1.csv / plate map.csv","Test ID: 724 Test Name: SAM CV scan Date: 10/10/2024 Time: 11:19:45 ID1: 101024 PIV C1 Absorbance  "
"a1",1.823,1.811,1.84585714285714,0.125,0,0,0,0,"Remdesivir","Favipiravir","EIDD-1931","Ribavirin",1.23829424967108,1,"Drug assay CV C1.csv / plate map.csv","A B C D E F G H"
"a2",1.809,1.811,1.84585714285714,0.25,0,0,0,0,"Remdesivir","Favipiravir","EIDD-1931","Ribavirin",1.99674947759462,1,"Drug assay CV C1.csv / plate map.csv","A B C D E F G H"
"a3",1.77,1.811,1.84585714285714,0.5,0,0,0,0,"Remdesivir","Favipiravir","EIDD-1931","Ribavirin",4.10958904109589,1,"Drug assay CV C1.csv / plate map.csv","A B C D E F G H"
"a4",1.814,1.811,1.84585714285714,1,0,0,0,0,"Remdesivir","Favipiravir","EIDD-1931","Ribavirin",1.72587261047906,1,"Drug assay CV C1.csv / plate map.csv","A B C D E F G H"
"a5",1.768,1.811,1.84585714285714,2,0,0,0,0,"Remdesivir","Favipiravir","EIDD-1931","Ribavirin",4.21793978794211,1,"Drug assay CV C1.csv / plate map.csv","A B C D E F G H"
"a6",1.773,1.811,1.84585714285714,4,0,0,0,0,"Remdesivir","Favipiravir","EIDD-1931","Ribavirin",3.94706292082657,1,"Drug assay CV C1.csv / plate map.csv","A B C D E F G H"
"a7",1.734,1.811,1.84585714285714,8,0,0,0,0,"Remdesivir","Favipiravir","EIDD-1931","Ribavirin",6.05990248432784,1,"Drug assay CV C1.csv / plate map.csv","A B C D E F G H"
"a8",1.77,1.811,1.84585714285714,16,0,0,0,0,"Remdesivir","Favipiravir","EIDD-1931","Ribavirin",4.10958904109589,1,"Drug assay CV C1.csv / plate map.csv","A B C D E F G H"
"a9",1.774,1.811,1.84585714285714,0,0,0,0,0,"Remdesivir","Favipiravir","EIDD-1931","Ribavirin",3.89288754740345,1,"Drug assay CV C1.csv / plate map.csv","A B C D E F G H"
"a10",1.849,1.811,1.84585714285714,0,0,0,0,0,"Remdesivir","Favipiravir","EIDD-1931","Ribavirin",-0.170265459329772,1,"Drug assay CV C1.csv / plate map.csv","A B C D E F G H"
"a11",1.854,1.811,1.84585714285714,0,0,0,0,0,"Remdesivir","Favipiravir","EIDD-1931","Ribavirin",-0.441142326445326,1,"Drug assay CV C1.csv / plate map.csv","A B C D E F G H"
"a12",1.863,1.811,1.84585714285714,0,0,0,0,0,"Remdesivir","Favipiravir","EIDD-1931","Ribavirin",-0.928720687253308,1,"Drug assay CV C1.csv / plate map.csv","A B C D E F G H"
"b1",1.84,1.811,1.84585714285714,0,1,0,0,0,"Remdesivir","Favipiravir","EIDD-1931","Ribavirin",0.31731290147821,1,"Drug assay CV C1.csv / plate map.csv","A B C D E F G H"
"b2",1.788,1.811,1.84585714285714,0,2,0,0,0,"Remdesivir","Favipiravir","EIDD-1931","Ribavirin",3.13443231947991,1,"Drug assay CV C1.csv / plate map.csv","A B C D E F G H"
"b3",1.787,1.811,1.84585714285714,0,4,0,0,0,"Remdesivir","Favipiravir","EIDD-1931","Ribavirin",3.18860769290303,1,"Drug assay CV C1.csv / plate map.csv","A B C D E F G H"
"b4",1.73,1.811,1.84585714285714,0,8,0,0,0,"Remdesivir","Favipiravir","EIDD-1931","Ribavirin",6.27660397802028,1,"Drug assay CV C1.csv / plate map.csv","A B C D E F G H"
"b5",1.71,1.811,1.84585714285714,0,16,0,0,0,"Remdesivir","Favipiravir","EIDD-1931","Ribavirin",7.36011144648247,1,"Drug assay CV C1.csv / plate map.csv","A B C D E F G H"
"b6",1.505,1.811,1.84585714285714,0,32,0,0,0,"Remdesivir","Favipiravir","EIDD-1931","Ribavirin",18.46606299822,1,"Drug assay CV C1.csv / plate map.csv","A B C D E F G H"
"b7",1.607,1.811,1.84585714285714,0,64,0,0,0,"Remdesivir","Favipiravir","EIDD-1931","Ribavirin",12.9401749090628,1,"Drug assay CV C1.csv / plate map.csv","A B C D E F G H"
"b8",1.161,1.811,1.84585714285714,0,128,0,0,0,"Remdesivir","Favipiravir","EIDD-1931","Ribavirin",37.1023914557697,1,"Drug assay CV C1.csv / plate map.csv","A B C D E F G H"
"b9",1.704,1.811,1.84585714285714,0,0,0,0,0,"Remdesivir","Favipiravir","EIDD-1931","Ribavirin",7.68516368702113,1,"Drug assay CV C1.csv / plate map.csv","A B C D E F G H"
"b10",1.819,1.811,1.84585714285714,0,0,0,0,0,"Remdesivir","Favipiravir","EIDD-1931","Ribavirin",1.45499574336352,1,"Drug assay CV C1.csv / plate map.csv","A B C D E F G H"
"b11",1.775,1.811,1.84585714285714,0,0,0,0,0,"Remdesivir","Favipiravir","EIDD-1931","Ribavirin",3.83871217398035,1,"Drug assay CV C1.csv / plate map.csv","A B C D E F G H"
"b12",1.827,1.811,1.84585714285714,0,0,0,0,0,"Remdesivir","Favipiravir","EIDD-1931","Ribavirin",1.02159275597864,1,"Drug assay CV C1.csv / plate map.csv","A B C D E F G H"
"c1",1.855,1.811,1.84585714285714,0,0,0.0625,0,0,"Remdesivir","Favipiravir","EIDD-1931","Ribavirin",-0.49531769986843,1,"Drug assay CV C1.csv / plate map.csv","A B C D E F G H"
"c2",1.884,1.811,1.84585714285714,0,0,0.125,0,0,"Remdesivir","Favipiravir","EIDD-1931","Ribavirin",-2.06640352913861,1,"Drug assay CV C1.csv / plate map.csv","A B C D E F G H"
"c3",1.829,1.811,1.84585714285714,0,0,0.25,0,0,"Remdesivir","Favipiravir","EIDD-1931","Ribavirin",0.913242009132423,1,"Drug assay CV C1.csv / plate map.csv","A B C D E F G H"
"c4",1.868,1.811,1.84585714285714,0,0,0.5,0,0,"Remdesivir","Favipiravir","EIDD-1931","Ribavirin",-1.19959755436886,1,"Drug assay CV C1.csv / plate map.csv","A B C D E F G H"
"c5",1.928,1.811,1.84585714285714,0,0,1,0,0,"Remdesivir","Favipiravir","EIDD-1931","Ribavirin",-4.45011995975543,1,"Drug assay CV C1.csv / plate map.csv","A B C D E F G H"
"c6",1.156,1.811,1.84585714285714,0,0,2,0,0,"Remdesivir","Favipiravir","EIDD-1931","Ribavirin",37.3732683228852,1,"Drug assay CV C1.csv / plate map.csv","A B C D E F G H"
"c7",0.788,1.811,1.84585714285714,0,0,4,0,0,"Remdesivir","Favipiravir","EIDD-1931","Ribavirin",57.3098057425896,1,"Drug assay CV C1.csv / plate map.csv","A B C D E F G H"
"c8",0.51,1.811,1.84585714285714,0,0,8,0,0,"Remdesivir","Favipiravir","EIDD-1931","Ribavirin",72.3705595542141,1,"Drug assay CV C1.csv / plate map.csv","A B C D E F G H"
"c9",1.695,1.811,1.84585714285714,0,0,0,0,0,"Remdesivir","Favipiravir","EIDD-1931","Ribavirin",8.17274204782911,1,"Drug assay CV C1.csv / plate map.csv","A B C D E F G H"
"c10",1.784,1.811,1.84585714285714,0,0,0,0,0,"Remdesivir","Favipiravir","EIDD-1931","Ribavirin",3.35113381317235,1,"Drug assay CV C1.csv / plate map.csv","A B C D E F G H"
"c11",1.85,1.811,1.84585714285714,0,0,0,0,0,"Remdesivir","Favipiravir","EIDD-1931","Ribavirin",-0.224440832752887,1,"Drug assay CV C1.csv / plate map.csv","A B C D E F G H"
"c12",1.828,1.811,1.84585714285714,0,0,0,0,0,"Remdesivir","Favipiravir","EIDD-1931","Ribavirin",0.967417382555526,1,"Drug assay CV C1.csv / plate map.csv","A B C D E F G H"
"d1",1.84,1.811,1.84585714285714,0,0,0,0.25,0,"Remdesivir","Favipiravir","EIDD-1931","Ribavirin",0.31731290147821,1,"Drug assay CV C1.csv / plate map.csv","A B C D E F G H"
"d2",1.855,1.811,1.84585714285714,0,0,0,0.5,0,"Remdesivir","Favipiravir","EIDD-1931","Ribavirin",-0.49531769986843,1,"Drug assay CV C1.csv / plate map.csv","A B C D E F G H"
"d3",1.804,1.811,1.84585714285714,0,0,0,1,0,"Remdesivir","Favipiravir","EIDD-1931","Ribavirin",2.26762634471016,1,"Drug assay CV C1.csv / plate map.csv","A B C D E F G H"
"d4",1.761,1.811,1.84585714285714,0,0,0,2,0,"Remdesivir","Favipiravir","EIDD-1931","Ribavirin",4.59716740190388,1,"Drug assay CV C1.csv / plate map.csv","A B C D E F G H"
"d5",1.747,1.811,1.84585714285714,0,0,0,4,0,"Remdesivir","Favipiravir","EIDD-1931","Ribavirin",5.35562262982741,1,"Drug assay CV C1.csv / plate map.csv","A B C D E F G H"
"d6",1.665,1.811,1.84585714285714,0,0,0,8,0,"Remdesivir","Favipiravir","EIDD-1931","Ribavirin",9.7980032505224,1,"Drug assay CV C1.csv / plate map.csv","A B C D E F G H"
"d7",1.502,1.811,1.84585714285714,0,0,0,16,0,"Remdesivir","Favipiravir","EIDD-1931","Ribavirin",18.6285891184893,1,"Drug assay CV C1.csv / plate map.csv","A B C D E F G H"
"d8",1.168,1.811,1.84585714285714,0,0,0,32,0,"Remdesivir","Favipiravir","EIDD-1931","Ribavirin",36.7231638418079,1,"Drug assay CV C1.csv / plate map.csv","A B C D E F G H"
"d9",1.829,1.811,1.84585714285714,0,0,0,0,0,"Remdesivir","Favipiravir","EIDD-1931","Ribavirin",0.913242009132423,1,"Drug assay CV C1.csv / plate map.csv","A B C D E F G H"
"d10",1.87,1.811,1.84585714285714,0,0,0,0,0,"Remdesivir","Favipiravir","EIDD-1931","Ribavirin",-1.30794830121508,1,"Drug assay CV C1.csv / plate map.csv","A B C D E F G H"
"d11",1.846,1.811,1.84585714285714,0,0,0,0,0,"Remdesivir","Favipiravir","EIDD-1931","Ribavirin",-0.00773933906044854,1,"Drug assay CV C1.csv / plate map.csv","A B C D E F G H"
"d12",1.853,1.811,1.84585714285714,0,0,0,0,0,"Remdesivir","Favipiravir","EIDD-1931","Ribavirin",-0.386966953022211,1,"Drug assay CV C1.csv / plate map.csv","A B C D E F G H"
"e1",1.847,1.811,1.84585714285714,0.125,0,0.125,0,0,"Remdesivir","Favipiravir","EIDD-1931","Ribavirin",-0.0619147124835522,1,"Drug assay CV C1.csv / plate map.csv","A B C D E F G H"
"e2",1.832,1.811,1.84585714285714,0.5,0,0.125,0,0,"Remdesivir","Favipiravir","EIDD-1931","Ribavirin",0.750715888863087,1,"Drug assay CV C1.csv / plate map.csv","A B C D E F G H"
"e3",1.82,1.811,1.84585714285714,2,0,0.125,0,0,"Remdesivir","Favipiravir","EIDD-1931","Ribavirin",1.4008203699404,1,"Drug assay CV C1.csv / plate map.csv","A B C D E F G H"
"e4",1.836,1.811,1.84585714285714,4,0,0.125,0,0,"Remdesivir","Favipiravir","EIDD-1931","Ribavirin",0.534014395170649,1,"Drug assay CV C1.csv / plate map.csv","A B C D E F G H"
"e5",1.765,1.811,1.84585714285714,0,1,0.125,0,0,"Remdesivir","Favipiravir","EIDD-1931","Ribavirin",4.38046590821144,1,"Drug assay CV C1.csv / plate map.csv","A B C D E F G H"
"e6",1.747,1.811,1.84585714285714,0,8,0.125,0,0,"Remdesivir","Favipiravir","EIDD-1931","Ribavirin",5.35562262982741,1,"Drug assay CV C1.csv / plate map.csv","A B C D E F G H"
"e7",1.811,1.811,1.84585714285714,0,16,0.125,0,0,"Remdesivir","Favipiravir","EIDD-1931","Ribavirin",1.8883987307484,1,"Drug assay CV C1.csv / plate map.csv","A B C D E F G H"
"e8",1.668,1.811,1.84585714285714,0,64,0.125,0,0,"Remdesivir","Favipiravir","EIDD-1931","Ribavirin",9.63547713025308,1,"Drug assay CV C1.csv / plate map.csv","A B C D E F G H"
"e9",1.846,1.811,1.84585714285714,0,0,0.125,0.25,0,"Remdesivir","Favipiravir","EIDD-1931","Ribavirin",-0.00773933906044854,1,"Drug assay CV C1.csv / plate map.csv","A B C D E F G H"
"e10",1.802,1.811,1.84585714285714,0,0,0.125,1,0,"Remdesivir","Favipiravir","EIDD-1931","Ribavirin",2.37597709155638,1,"Drug assay CV C1.csv / plate map.csv","A B C D E F G H"
"e11",1.789,1.811,1.84585714285714,0,0,0.125,4,0,"Remdesivir","Favipiravir","EIDD-1931","Ribavirin",3.08025694605681,1,"Drug assay CV C1.csv / plate map.csv","A B C D E F G H"
"e12",1.73,1.811,1.84585714285714,0,0,0.125,8,0,"Remdesivir","Favipiravir","EIDD-1931","Ribavirin",6.27660397802028,1,"Drug assay CV C1.csv / plate map.csv","A B C D E F G H"
"f1",1.904,1.811,1.84585714285714,0.125,0,0.5,0,0,"Remdesivir","Favipiravir","EIDD-1931","Ribavirin",-3.1499109976008,1,"Drug assay CV C1.csv / plate map.csv","A B C D E F G H"
"f2",1.941,1.811,1.84585714285714,0.5,0,0.5,0,0,"Remdesivir","Favipiravir","EIDD-1931","Ribavirin",-5.15439981425587,1,"Drug assay CV C1.csv / plate map.csv","A B C D E F G H"
"f3",1.917,1.811,1.84585714285714,2,0,0.5,0,0,"Remdesivir","Favipiravir","EIDD-1931","Ribavirin",-3.85419085210123,1,"Drug assay CV C1.csv / plate map.csv","A B C D E F G H"
"f4",1.895,1.811,1.84585714285714,4,0,0.5,0,0,"Remdesivir","Favipiravir","EIDD-1931","Ribavirin",-2.66233263679282,1,"Drug assay CV C1.csv / plate map.csv","A B C D E F G H"
"f5",1.876,1.811,1.84585714285714,0,1,0.5,0,0,"Remdesivir","Favipiravir","EIDD-1931","Ribavirin",-1.63300054175373,1,"Drug assay CV C1.csv / plate map.csv","A B C D E F G H"
"f6",1.85,1.811,1.84585714285714,0,8,0.5,0,0,"Remdesivir","Favipiravir","EIDD-1931","Ribavirin",-0.224440832752887,1,"Drug assay CV C1.csv / plate map.csv","A B C D E F G H"
"f7",1.824,1.811,1.84585714285714,0,16,0.5,0,0,"Remdesivir","Favipiravir","EIDD-1931","Ribavirin",1.18411887624797,1,"Drug assay CV C1.csv / plate map.csv","A B C D E F G H"
"f8",1.601,1.811,1.84585714285714,0,64,0.5,0,0,"Remdesivir","Favipiravir","EIDD-1931","Ribavirin",13.2652271496014,1,"Drug assay CV C1.csv / plate map.csv","A B C D E F G H"
"f9",1.928,1.811,1.84585714285714,0,0,0.5,0.25,0,"Remdesivir","Favipiravir","EIDD-1931","Ribavirin",-4.45011995975543,1,"Drug assay CV C1.csv / plate map.csv","A B C D E F G H"
"f10",1.835,1.811,1.84585714285714,0,0,0.5,1,0,"Remdesivir","Favipiravir","EIDD-1931","Ribavirin",0.588189768593764,1,"Drug assay CV C1.csv / plate map.csv","A B C D E F G H"
"f11",1.772,1.811,1.84585714285714,0,0,0.5,4,0,"Remdesivir","Favipiravir","EIDD-1931","Ribavirin",4.00123829424967,1,"Drug assay CV C1.csv / plate map.csv","A B C D E F G H"
"f12",1.653,1.811,1.84585714285714,0,0,0.5,8,0,"Remdesivir","Favipiravir","EIDD-1931","Ribavirin",10.4481077315997,1,"Drug assay CV C1.csv / plate map.csv","A B C D E F G H"
"g1",1.925,1.811,1.84585714285714,0.125,0,1,0,0,"Remdesivir","Favipiravir","EIDD-1931","Ribavirin",-4.28759383948611,1,"Drug assay CV C1.csv / plate map.csv","A B C D E F G H"
"g2",1.938,1.811,1.84585714285714,0.5,0,1,0,0,"Remdesivir","Favipiravir","EIDD-1931","Ribavirin",-4.99187369398653,1,"Drug assay CV C1.csv / plate map.csv","A B C D E F G H"
"g3",1.913,1.811,1.84585714285714,2,0,1,0,0,"Remdesivir","Favipiravir","EIDD-1931","Ribavirin",-3.63748935840879,1,"Drug assay CV C1.csv / plate map.csv","A B C D E F G H"
"g4",1.86,1.811,1.84585714285714,4,0,1,0,0,"Remdesivir","Favipiravir","EIDD-1931","Ribavirin",-0.766194566983985,1,"Drug assay CV C1.csv / plate map.csv","A B C D E F G H"
"g5",1.918,1.811,1.84585714285714,0,1,1,0,0,"Remdesivir","Favipiravir","EIDD-1931","Ribavirin",-3.90836622552434,1,"Drug assay CV C1.csv / plate map.csv","A B C D E F G H"
"g6",1.917,1.811,1.84585714285714,0,8,1,0,0,"Remdesivir","Favipiravir","EIDD-1931","Ribavirin",-3.85419085210123,1,"Drug assay CV C1.csv / plate map.csv","A B C D E F G H"
"g7",1.914,1.811,1.84585714285714,0,16,1,0,0,"Remdesivir","Favipiravir","EIDD-1931","Ribavirin",-3.6916647318319,1,"Drug assay CV C1.csv / plate map.csv","A B C D E F G H"
"g8",1.727,1.811,1.84585714285714,0,64,1,0,0,"Remdesivir","Favipiravir","EIDD-1931","Ribavirin",6.4391300982896,1,"Drug assay CV C1.csv / plate map.csv","A B C D E F G H"
"g9",1.942,1.811,1.84585714285714,0,0,1,0.25,0,"Remdesivir","Favipiravir","EIDD-1931","Ribavirin",-5.20857518767897,1,"Drug assay CV C1.csv / plate map.csv","A B C D E F G H"
"g10",1.927,1.811,1.84585714285714,0,0,1,1,0,"Remdesivir","Favipiravir","EIDD-1931","Ribavirin",-4.39594458633233,1,"Drug assay CV C1.csv / plate map.csv","A B C D E F G H"
"g11",1.824,1.811,1.84585714285714,0,0,1,4,0,"Remdesivir","Favipiravir","EIDD-1931","Ribavirin",1.18411887624797,1,"Drug assay CV C1.csv / plate map.csv","A B C D E F G H"
"g12",1.8,1.811,1.84585714285714,0,0,1,8,0,"Remdesivir","Favipiravir","EIDD-1931","Ribavirin",2.4843278384026,1,"Drug assay CV C1.csv / plate map.csv","A B C D E F G H"
"h1",1.2,1.811,1.84585714285714,0.125,0,2,0,0,"Remdesivir","Favipiravir","EIDD-1931","Ribavirin",34.9895518922684,1,"Drug assay CV C1.csv / plate map.csv","A B C D E F G H"
"h2",1.254,1.811,1.84585714285714,0.5,0,2,0,0,"Remdesivir","Favipiravir","EIDD-1931","Ribavirin",32.0640817274205,1,"Drug assay CV C1.csv / plate map.csv","A B C D E F G H"
"h3",1.241,1.811,1.84585714285714,2,0,2,0,0,"Remdesivir","Favipiravir","EIDD-1931","Ribavirin",32.7683615819209,1,"Drug assay CV C1.csv / plate map.csv","A B C D E F G H"
"h4",1.302,1.811,1.84585714285714,4,0,2,0,0,"Remdesivir","Favipiravir","EIDD-1931","Ribavirin",29.4636638031112,1,"Drug assay CV C1.csv / plate map.csv","A B C D E F G H"
"h5",1.209,1.811,1.84585714285714,0,1,2,0,0,"Remdesivir","Favipiravir","EIDD-1931","Ribavirin",34.5019735314604,1,"Drug assay CV C1.csv / plate map.csv","A B C D E F G H"
"h6",1.239,1.811,1.84585714285714,0,8,2,0,0,"Remdesivir","Favipiravir","EIDD-1931","Ribavirin",32.8767123287671,1,"Drug assay CV C1.csv / plate map.csv","A B C D E F G H"
"h7",1.177,1.811,1.84585714285714,0,16,2,0,0,"Remdesivir","Favipiravir","EIDD-1931","Ribavirin",36.2355854809999,1,"Drug assay CV C1.csv / plate map.csv","A B C D E F G H"
"h8",1.245,1.811,1.84585714285714,0,64,2,0,0,"Remdesivir","Favipiravir","EIDD-1931","Ribavirin",32.5516600882285,1,"Drug assay CV C1.csv / plate map.csv","A B C D E F G H"
"h9",1.299,1.811,1.84585714285714,0,0,2,0.25,0,"Remdesivir","Favipiravir","EIDD-1931","Ribavirin",29.6261899233805,1,"Drug assay CV C1.csv / plate map.csv","A B C D E F G H"
"h10",1.591,1.811,1.84585714285714,0,0,2,1,0,"Remdesivir","Favipiravir","EIDD-1931","Ribavirin",13.8069808838325,1,"Drug assay CV C1.csv / plate map.csv","A B C D E F G H"
"h11",1.81,1.811,1.84585714285714,0,0,2,4,0,"Remdesivir","Favipiravir","EIDD-1931","Ribavirin",1.9425741041715,1,"Drug assay CV C1.csv / plate map.csv","A B C D E F G H"
"h12",1.672,1.811,1.84585714285714,0,0,2,8,0,"Remdesivir","Favipiravir","EIDD-1931","Ribavirin",9.41877563656064,1,"Drug assay CV C1.csv / plate map.csv","A B C D E F G H"
"a1",1.833,1.85733333333333,1.8582,0.125,0,0,0,0,"Remdesivir","Favipiravir","EIDD-1931","Ribavirin",1.35615111398128,1,"Drug assay CV C2.csv / plate map.csv","A B C D E F G H"
"a2",1.864,1.85733333333333,1.8582,0.25,0,0,0,0,"Remdesivir","Favipiravir","EIDD-1931","Ribavirin",-0.312130018297278,1,"Drug assay CV C2.csv / plate map.csv","A B C D E F G H"
"a3",1.852,1.85733333333333,1.8582,0.5,0,0,0,0,"Remdesivir","Favipiravir","EIDD-1931","Ribavirin",0.333656226455709,1,"Drug assay CV C2.csv / plate map.csv","A B C D E F G H"
"a4",1.847,1.85733333333333,1.8582,1,0,0,0,0,"Remdesivir","Favipiravir","EIDD-1931","Ribavirin",0.602733828436126,1,"Drug assay CV C2.csv / plate map.csv","A B C D E F G H"
"a5",1.878,1.85733333333333,1.8582,2,0,0,0,0,"Remdesivir","Favipiravir","EIDD-1931","Ribavirin",-1.06554730384242,1,"Drug assay CV C2.csv / plate map.csv","A B C D E F G H"
"a6",1.862,1.85733333333333,1.8582,4,0,0,0,0,"Remdesivir","Favipiravir","EIDD-1931","Ribavirin",-0.204498977505114,1,"Drug assay CV C2.csv / plate map.csv","A B C D E F G H"
"a7",1.816,1.85733333333333,1.8582,8,0,0,0,0,"Remdesivir","Favipiravir","EIDD-1931","Ribavirin",2.27101496071467,1,"Drug assay CV C2.csv / plate map.csv","A B C D E F G H"
"a8",1.818,1.85733333333333,1.8582,16,0,0,0,0,"Remdesivir","Favipiravir","EIDD-1931","Ribavirin",2.16338391992251,1,"Drug assay CV C2.csv / plate map.csv","A B C D E F G H"
"a9",1.861,1.85733333333333,1.8582,0,0,0,0,0,"Remdesivir","Favipiravir","EIDD-1931","Ribavirin",-0.150683457109026,1,"Drug assay CV C2.csv / plate map.csv","A B C D E F G H"
"a10",1.844,1.85733333333333,1.8582,0,0,0,0,0,"Remdesivir","Favipiravir","EIDD-1931","Ribavirin",0.764180389624367,1,"Drug assay CV C2.csv / plate map.csv","A B C D E F G H"
"a11",1.832,1.85733333333333,1.8582,0,0,0,0,0,"Remdesivir","Favipiravir","EIDD-1931","Ribavirin",1.40996663437735,1,"Drug assay CV C2.csv / plate map.csv","A B C D E F G H"
"a12",1.796,1.85733333333333,1.8582,0,0,0,0,0,"Remdesivir","Favipiravir","EIDD-1931","Ribavirin",3.34732536863632,1,"Drug assay CV C2.csv / plate map.csv","A B C D E F G H"
"b1",1.827,1.85733333333333,1.8582,0,1,0,0,0,"Remdesivir","Favipiravir","EIDD-1931","Ribavirin",1.67904423635777,1,"Drug assay CV C2.csv / plate map.csv","A B C D E F G H"
"b2",1.778,1.85733333333333,1.8582,0,2,0,0,0,"Remdesivir","Favipiravir","EIDD-1931","Ribavirin",4.3160047357658,1,"Drug assay CV C2.csv / plate map.csv","A B C D E F G H"
"b3",1.809,1.85733333333333,1.8582,0,4,0,0,0,"Remdesivir","Favipiravir","EIDD-1931","Ribavirin",2.64772360348725,1,"Drug assay CV C2.csv / plate map.csv","A B C D E F G H"
"b4",1.779,1.85733333333333,1.8582,0,8,0,0,0,"Remdesivir","Favipiravir","EIDD-1931","Ribavirin",4.26218921536972,1,"Drug assay CV C2.csv / plate map.csv","A B C D E F G H"
"b5",1.763,1.85733333333333,1.8582,0,16,0,0,0,"Remdesivir","Favipiravir","EIDD-1931","Ribavirin",5.12323754170704,1,"Drug assay CV C2.csv / plate map.csv","A B C D E F G H"
"b6",1.676,1.85733333333333,1.8582,0,32,0,0,0,"Remdesivir","Favipiravir","EIDD-1931","Ribavirin",9.80518781616619,1,"Drug assay CV C2.csv / plate map.csv","A B C D E F G H"
"b7",1.698,1.85733333333333,1.8582,0,64,0,0,0,"Remdesivir","Favipiravir","EIDD-1931","Ribavirin",8.62124636745238,1,"Drug assay CV C2.csv / plate map.csv","A B C D E F G H"
"b8",1.126,1.85733333333333,1.8582,0,128,0,0,0,"Remdesivir","Favipiravir","EIDD-1931","Ribavirin",39.4037240340114,1,"Drug assay CV C2.csv / plate map.csv","A B C D E F G H"
"b9",1.849,1.85733333333333,1.8582,0,0,0,0,0,"Remdesivir","Favipiravir","EIDD-1931","Ribavirin",0.495102787643962,1,"Drug assay CV C2.csv / plate map.csv","A B C D E F G H"
"b10",1.822,1.85733333333333,1.8582,0,0,0,0,0,"Remdesivir","Favipiravir","EIDD-1931","Ribavirin",1.94812183833818,1,"Drug assay CV C2.csv / plate map.csv","A B C D E F G H"
"b11",1.803,1.85733333333333,1.8582,0,0,0,0,0,"Remdesivir","Favipiravir","EIDD-1931","Ribavirin",2.97061672586375,1,"Drug assay CV C2.csv / plate map.csv","A B C D E F G H"
"b12",1.839,1.85733333333333,1.8582,0,0,0,0,0,"Remdesivir","Favipiravir","EIDD-1931","Ribavirin",1.03325799160478,1,"Drug assay CV C2.csv / plate map.csv","A B C D E F G H"
"c1",1.851,1.85733333333333,1.8582,0,0,0.0625,0,0,"Remdesivir","Favipiravir","EIDD-1931","Ribavirin",0.387471746851797,1,"Drug assay CV C2.csv / plate map.csv","A B C D E F G H"
"c2",1.845,1.85733333333333,1.8582,0,0,0.125,0,0,"Remdesivir","Favipiravir","EIDD-1931","Ribavirin",0.710364869228291,1,"Drug assay CV C2.csv / plate map.csv","A B C D E F G H"
"c3",1.875,1.85733333333333,1.8582,0,0,0.25,0,0,"Remdesivir","Favipiravir","EIDD-1931","Ribavirin",-0.904100742654177,1,"Drug assay CV C2.csv / plate map.csv","A B C D E F G H"
"c4",1.893,1.85733333333333,1.8582,0,0,0.5,0,0,"Remdesivir","Favipiravir","EIDD-1931","Ribavirin",-1.87278010978366,1,"Drug assay CV C2.csv / plate map.csv","A B C D E F G H"
"c5",1.971,1.85733333333333,1.8582,0,0,1,0,0,"Remdesivir","Favipiravir","EIDD-1931","Ribavirin",-6.07039070067808,1,"Drug assay CV C2.csv / plate map.csv","A B C D E F G H"
"c6",1.314,1.85733333333333,1.8582,0,0,2,0,0,"Remdesivir","Favipiravir","EIDD-1931","Ribavirin",29.286406199548,1,"Drug assay CV C2.csv / plate map.csv","A B C D E F G H"
"c7",0.817,1.85733333333333,1.8582,0,0,4,0,0,"Remdesivir","Favipiravir","EIDD-1931","Ribavirin",56.0327198364008,1,"Drug assay CV C2.csv / plate map.csv","A B C D E F G H"
"c8",0.54,1.85733333333333,1.8582,0,0,8,0,0,"Remdesivir","Favipiravir","EIDD-1931","Ribavirin",70.9396189861156,1,"Drug assay CV C2.csv / plate map.csv","A B C D E F G H"
"c9",1.875,1.85733333333333,1.8582,0,0,0,0,0,"Remdesivir","Favipiravir","EIDD-1931","Ribavirin",-0.904100742654177,1,"Drug assay CV C2.csv / plate map.csv","A B C D E F G H"
"c10",1.864,1.85733333333333,1.8582,0,0,0,0,0,"Remdesivir","Favipiravir","EIDD-1931","Ribavirin",-0.312130018297278,1,"Drug assay CV C2.csv / plate map.csv","A B C D E F G H"
"c11",1.909,1.85733333333333,1.8582,0,0,0,0,0,"Remdesivir","Favipiravir","EIDD-1931","Ribavirin",-2.73382843612097,1,"Drug assay CV C2.csv / plate map.csv","A B C D E F G H"
"c12",1.889,1.85733333333333,1.8582,0,0,0,0,0,"Remdesivir","Favipiravir","EIDD-1931","Ribavirin",-1.65751802819933,1,"Drug assay CV C2.csv / plate map.csv","A B C D E F G H"
"d1",1.88,1.85733333333333,1.8582,0,0,0,0.25,0,"Remdesivir","Favipiravir","EIDD-1931","Ribavirin",-1.17317834463458,1,"Drug assay CV C2.csv / plate map.csv","A B C D E F G H"
"d2",1.868,1.85733333333333,1.8582,0,0,0,0.5,0,"Remdesivir","Favipiravir","EIDD-1931","Ribavirin",-0.527392099881608,1,"Drug assay CV C2.csv / plate map.csv","A B C D E F G H"
"d3",1.859,1.85733333333333,1.8582,0,0,0,1,0,"Remdesivir","Favipiravir","EIDD-1931","Ribavirin",-0.043052416316861,1,"Drug assay CV C2.csv / plate map.csv","A B C D E F G H"
"d4",1.858,1.85733333333333,1.8582,0,0,0,2,0,"Remdesivir","Favipiravir","EIDD-1931","Ribavirin",0.0107631040792153,1,"Drug assay CV C2.csv / plate map.csv","A B C D E F G H"
"d5",1.816,1.85733333333333,1.8582,0,0,0,4,0,"Remdesivir","Favipiravir","EIDD-1931","Ribavirin",2.27101496071467,1,"Drug assay CV C2.csv / plate map.csv","A B C D E F G H"
"d6",1.758,1.85733333333333,1.8582,0,0,0,8,0,"Remdesivir","Favipiravir","EIDD-1931","Ribavirin",5.39231514368744,1,"Drug assay CV C2.csv / plate map.csv","A B C D E F G H"
"d7",1.619,1.85733333333333,1.8582,0,0,0,16,0,"Remdesivir","Favipiravir","EIDD-1931","Ribavirin",12.8726724787429,1,"Drug assay CV C2.csv / plate map.csv","A B C D E F G H"
"d8",1.163,1.85733333333333,1.8582,0,0,0,32,0,"Remdesivir","Favipiravir","EIDD-1931","Ribavirin",37.4125497793564,1,"Drug assay CV C2.csv / plate map.csv","A B C D E F G H"
"d9",1.867,1.85733333333333,1.8582,0,0,0,0,0,"Remdesivir","Favipiravir","EIDD-1931","Ribavirin",-0.473576579485519,1,"Drug assay CV C2.csv / plate map.csv","A B C D E F G H"
"d10",1.859,1.85733333333333,1.8582,0,0,0,0,0,"Remdesivir","Favipiravir","EIDD-1931","Ribavirin",-0.043052416316861,1,"Drug assay CV C2.csv / plate map.csv","A B C D E F G H"
"d11",1.87,1.85733333333333,1.8582,0,0,0,0,0,"Remdesivir","Favipiravir","EIDD-1931","Ribavirin",-0.635023140673772,1,"Drug assay CV C2.csv / plate map.csv","A B C D E F G H"
"d12",1.861,1.85733333333333,1.8582,0,0,0,0,0,"Remdesivir","Favipiravir","EIDD-1931","Ribavirin",-0.150683457109026,1,"Drug assay CV C2.csv / plate map.csv","A B C D E F G H"
"e1",1.815,1.85733333333333,1.8582,0.125,0,0.125,0,0,"Remdesivir","Favipiravir","EIDD-1931","Ribavirin",2.32483048111076,1,"Drug assay CV C2.csv / plate map.csv","A B C D E F G H"
"e2",1.832,1.85733333333333,1.8582,0.5,0,0.125,0,0,"Remdesivir","Favipiravir","EIDD-1931","Ribavirin",1.40996663437735,1,"Drug assay CV C2.csv / plate map.csv","A B C D E F G H"
"e3",1.811,1.85733333333333,1.8582,2,0,0.125,0,0,"Remdesivir","Favipiravir","EIDD-1931","Ribavirin",2.54009256269509,1,"Drug assay CV C2.csv / plate map.csv","A B C D E F G H"
"e4",1.82,1.85733333333333,1.8582,4,0,0.125,0,0,"Remdesivir","Favipiravir","EIDD-1931","Ribavirin",2.05575287913034,1,"Drug assay CV C2.csv / plate map.csv","A B C D E F G H"
"e5",1.805,1.85733333333333,1.8582,0,1,0.125,0,0,"Remdesivir","Favipiravir","EIDD-1931","Ribavirin",2.86298568507158,1,"Drug assay CV C2.csv / plate map.csv","A B C D E F G H"
"e6",1.79,1.85733333333333,1.8582,0,8,0.125,0,0,"Remdesivir","Favipiravir","EIDD-1931","Ribavirin",3.67021849101281,1,"Drug assay CV C2.csv / plate map.csv","A B C D E F G H"
"e7",1.8,1.85733333333333,1.8582,0,16,0.125,0,0,"Remdesivir","Favipiravir","EIDD-1931","Ribavirin",3.13206328705199,1,"Drug assay CV C2.csv / plate map.csv","A B C D E F G H"
"e8",1.606,1.85733333333333,1.8582,0,64,0.125,0,0,"Remdesivir","Favipiravir","EIDD-1931","Ribavirin",13.5722742438919,1,"Drug assay CV C2.csv / plate map.csv","A B C D E F G H"
"e9",1.864,1.85733333333333,1.8582,0,0,0.125,0.25,0,"Remdesivir","Favipiravir","EIDD-1931","Ribavirin",-0.312130018297278,1,"Drug assay CV C2.csv / plate map.csv","A B C D E F G H"
"e10",1.874,1.85733333333333,1.8582,0,0,0.125,1,0,"Remdesivir","Favipiravir","EIDD-1931","Ribavirin",-0.850285222258101,1,"Drug assay CV C2.csv / plate map.csv","A B C D E F G H"
"e11",1.837,1.85733333333333,1.8582,0,0,0.125,4,0,"Remdesivir","Favipiravir","EIDD-1931","Ribavirin",1.14088903239695,1,"Drug assay CV C2.csv / plate map.csv","A B C D E F G H"
"e12",1.784,1.85733333333333,1.8582,0,0,0.125,8,0,"Remdesivir","Favipiravir","EIDD-1931","Ribavirin",3.9931116133893,1,"Drug assay CV C2.csv / plate map.csv","A B C D E F G H"
"f1",1.892,1.85733333333333,1.8582,0.125,0,0.5,0,0,"Remdesivir","Favipiravir","EIDD-1931","Ribavirin",-1.81896458938757,1,"Drug assay CV C2.csv / plate map.csv","A B C D E F G H"
"f2",1.9,1.85733333333333,1.8582,0.5,0,0.5,0,0,"Remdesivir","Favipiravir","EIDD-1931","Ribavirin",-2.24948875255623,1,"Drug assay CV C2.csv / plate map.csv","A B C D E F G H"
"f3",1.917,1.85733333333333,1.8582,2,0,0.5,0,0,"Remdesivir","Favipiravir","EIDD-1931","Ribavirin",-3.16435259928963,1,"Drug assay CV C2.csv / plate map.csv","A B C D E F G H"
"f4",1.904,1.85733333333333,1.8582,4,0,0.5,0,0,"Remdesivir","Favipiravir","EIDD-1931","Ribavirin",-2.46475083414056,1,"Drug assay CV C2.csv / plate map.csv","A B C D E F G H"
"f5",1.883,1.85733333333333,1.8582,0,1,0.5,0,0,"Remdesivir","Favipiravir","EIDD-1931","Ribavirin",-1.33462490582284,1,"Drug assay CV C2.csv / plate map.csv","A B C D E F G H"
"f6",1.845,1.85733333333333,1.8582,0,8,0.5,0,0,"Remdesivir","Favipiravir","EIDD-1931","Ribavirin",0.710364869228291,1,"Drug assay CV C2.csv / plate map.csv","A B C D E F G H"
"f7",1.845,1.85733333333333,1.8582,0,16,0.5,0,0,"Remdesivir","Favipiravir","EIDD-1931","Ribavirin",0.710364869228291,1,"Drug assay CV C2.csv / plate map.csv","A B C D E F G H"
"f8",1.648,1.85733333333333,1.8582,0,64,0.5,0,0,"Remdesivir","Favipiravir","EIDD-1931","Ribavirin",11.3120223872565,1,"Drug assay CV C2.csv / plate map.csv","A B C D E F G H"
"f9",1.923,1.85733333333333,1.8582,0,0,0.5,0.25,0,"Remdesivir","Favipiravir","EIDD-1931","Ribavirin",-3.48724572166613,1,"Drug assay CV C2.csv / plate map.csv","A B C D E F G H"
"f10",1.872,1.85733333333333,1.8582,0,0,0.5,1,0,"Remdesivir","Favipiravir","EIDD-1931","Ribavirin",-0.742654181465937,1,"Drug assay CV C2.csv / plate map.csv","A B C D E F G H"
"f11",1.801,1.85733333333333,1.8582,0,0,0.5,4,0,"Remdesivir","Favipiravir","EIDD-1931","Ribavirin",3.07824776665591,1,"Drug assay CV C2.csv / plate map.csv","A B C D E F G H"
"f12",1.786,1.85733333333333,1.8582,0,0,0.5,8,0,"Remdesivir","Favipiravir","EIDD-1931","Ribavirin",3.88548057259714,1,"Drug assay CV C2.csv / plate map.csv","A B C D E F G H"
"g1",1.885,1.85733333333333,1.8582,0.125,0,1,0,0,"Remdesivir","Favipiravir","EIDD-1931","Ribavirin",-1.442255946615,1,"Drug assay CV C2.csv / plate map.csv","A B C D E F G H"
"g2",1.924,1.85733333333333,1.8582,0.5,0,1,0,0,"Remdesivir","Favipiravir","EIDD-1931","Ribavirin",-3.5410612420622,1,"Drug assay CV C2.csv / plate map.csv","A B C D E F G H"
"g3",1.972,1.85733333333333,1.8582,2,0,1,0,0,"Remdesivir","Favipiravir","EIDD-1931","Ribavirin",-6.12420622107415,1,"Drug assay CV C2.csv / plate map.csv","A B C D E F G H"
"g4",1.965,1.85733333333333,1.8582,4,0,1,0,0,"Remdesivir","Favipiravir","EIDD-1931","Ribavirin",-5.74749757830158,1,"Drug assay CV C2.csv / plate map.csv","A B C D E F G H"
"g5",2.019,1.85733333333333,1.8582,0,1,1,0,0,"Remdesivir","Favipiravir","EIDD-1931","Ribavirin",-8.65353567969002,1,"Drug assay CV C2.csv / plate map.csv","A B C D E F G H"
"g6",1.916,1.85733333333333,1.8582,0,8,1,0,0,"Remdesivir","Favipiravir","EIDD-1931","Ribavirin",-3.11053707889354,1,"Drug assay CV C2.csv / plate map.csv","A B C D E F G H"
"g7",1.917,1.85733333333333,1.8582,0,16,1,0,0,"Remdesivir","Favipiravir","EIDD-1931","Ribavirin",-3.16435259928963,1,"Drug assay CV C2.csv / plate map.csv","A B C D E F G H"
"g8",1.689,1.85733333333333,1.8582,0,64,1,0,0,"Remdesivir","Favipiravir","EIDD-1931","Ribavirin",9.10558605101711,1,"Drug assay CV C2.csv / plate map.csv","A B C D E F G H"
"g9",1.961,1.85733333333333,1.8582,0,0,1,0.25,0,"Remdesivir","Favipiravir","EIDD-1931","Ribavirin",-5.53223549671725,1,"Drug assay CV C2.csv / plate map.csv","A B C D E F G H"
"g10",1.944,1.85733333333333,1.8582,0,0,1,1,0,"Remdesivir","Favipiravir","EIDD-1931","Ribavirin",-4.61737164998385,1,"Drug assay CV C2.csv / plate map.csv","A B C D E F G H"
"g11",1.864,1.85733333333333,1.8582,0,0,1,4,0,"Remdesivir","Favipiravir","EIDD-1931","Ribavirin",-0.312130018297278,1,"Drug assay CV C2.csv / plate map.csv","A B C D E F G H"
"g12",1.748,1.85733333333333,1.8582,0,0,1,8,0,"Remdesivir","Favipiravir","EIDD-1931","Ribavirin",5.93047034764827,1,"Drug assay CV C2.csv / plate map.csv","A B C D E F G H"
"h1",1.307,1.85733333333333,1.8582,0.125,0,2,0,0,"Remdesivir","Favipiravir","EIDD-1931","Ribavirin",29.6631148423205,1,"Drug assay CV C2.csv / plate map.csv","A B C D E F G H"
"h2",1.345,1.85733333333333,1.8582,0.5,0,2,0,0,"Remdesivir","Favipiravir","EIDD-1931","Ribavirin",27.6181250672694,1,"Drug assay CV C2.csv / plate map.csv","A B C D E F G H"
"h3",1.398,1.85733333333333,1.8582,2,0,2,0,0,"Remdesivir","Favipiravir","EIDD-1931","Ribavirin",24.765902486277,1,"Drug assay CV C2.csv / plate map.csv","A B C D E F G H"
"h4",1.432,1.85733333333333,1.8582,4,0,2,0,0,"Remdesivir","Favipiravir","EIDD-1931","Ribavirin",22.9361747928103,1,"Drug assay CV C2.csv / plate map.csv","A B C D E F G H"
"h5",1.297,1.85733333333333,1.8582,0,1,2,0,0,"Remdesivir","Favipiravir","EIDD-1931","Ribavirin",30.2012700462814,1,"Drug assay CV C2.csv / plate map.csv","A B C D E F G H"
"h6",1.355,1.85733333333333,1.8582,0,8,2,0,0,"Remdesivir","Favipiravir","EIDD-1931","Ribavirin",27.0799698633086,1,"Drug assay CV C2.csv / plate map.csv","A B C D E F G H"
"h7",1.31,1.85733333333333,1.8582,0,16,2,0,0,"Remdesivir","Favipiravir","EIDD-1931","Ribavirin",29.5016682811323,1,"Drug assay CV C2.csv / plate map.csv","A B C D E F G H"
"h8",1.346,1.85733333333333,1.8582,0,64,2,0,0,"Remdesivir","Favipiravir","EIDD-1931","Ribavirin",27.5643095468733,1,"Drug assay CV C2.csv / plate map.csv","A B C D E F G H"
"h9",1.409,1.85733333333333,1.8582,0,0,2,0.25,0,"Remdesivir","Favipiravir","EIDD-1931","Ribavirin",24.1739317619201,1,"Drug assay CV C2.csv / plate map.csv","A B C D E F G H"
"h10",1.74,1.85733333333333,1.8582,0,0,2,1,0,"Remdesivir","Favipiravir","EIDD-1931","Ribavirin",6.36099451081692,1,"Drug assay CV C2.csv / plate map.csv","A B C D E F G H"
"h11",1.868,1.85733333333333,1.8582,0,0,2,4,0,"Remdesivir","Favipiravir","EIDD-1931","Ribavirin",-0.527392099881608,1,"Drug assay CV C2.csv / plate map.csv","A B C D E F G H"
"h12",1.783,1.85733333333333,1.8582,0,0,2,8,0,"Remdesivir","Favipiravir","EIDD-1931","Ribavirin",4.04692713378539,1,"Drug assay CV C2.csv / plate map.csv","A B C D E F G H"
"a1",1.837,1.84933333333333,1.83266666666667,0.125,0,0,0,0,"Remdesivir","Favipiravir","EIDD-1931","Ribavirin",-0.236449618042923,1,"Drug assay CV C3.csv / plate map.csv","A B C D E F G H"
"a2",1.87,1.84933333333333,1.83266666666667,0.25,0,0,0,0,"Remdesivir","Favipiravir","EIDD-1931","Ribavirin",-2.03710440160059,1,"Drug assay CV C3.csv / plate map.csv","A B C D E F G H"
"a3",1.836,1.84933333333333,1.83266666666667,0.5,0,0,0,0,"Remdesivir","Favipiravir","EIDD-1931","Ribavirin",-0.181884321571485,1,"Drug assay CV C3.csv / plate map.csv","A B C D E F G H"
"a4",1.815,1.84933333333333,1.83266666666667,1,0,0,0,0,"Remdesivir","Favipiravir","EIDD-1931","Ribavirin",0.96398690432885,1,"Drug assay CV C3.csv / plate map.csv","A B C D E F G H"
"a5",1.826,1.84933333333333,1.83266666666667,2,0,0,0,0,"Remdesivir","Favipiravir","EIDD-1931","Ribavirin",0.363768643142957,1,"Drug assay CV C3.csv / plate map.csv","A B C D E F G H"
"a6",1.783,1.84933333333333,1.83266666666667,4,0,0,0,0,"Remdesivir","Favipiravir","EIDD-1931","Ribavirin",2.71007639141506,1,"Drug assay CV C3.csv / plate map.csv","A B C D E F G H"
"a7",1.817,1.84933333333333,1.83266666666667,8,0,0,0,0,"Remdesivir","Favipiravir","EIDD-1931","Ribavirin",0.854856311385961,1,"Drug assay CV C3.csv / plate map.csv","A B C D E F G H"
"a8",1.857,1.84933333333333,1.83266666666667,16,0,0,0,0,"Remdesivir","Favipiravir","EIDD-1931","Ribavirin",-1.32775554747181,1,"Drug assay CV C3.csv / plate map.csv","A B C D E F G H"
"a9",1.85,1.84933333333333,1.83266666666667,0,0,0,0,0,"Remdesivir","Favipiravir","EIDD-1931","Ribavirin",-0.945798472171704,1,"Drug assay CV C3.csv / plate map.csv","A B C D E F G H"
"a10",1.834,1.84933333333333,1.83266666666667,0,0,0,0,0,"Remdesivir","Favipiravir","EIDD-1931","Ribavirin",-0.0727537286285963,1,"Drug assay CV C3.csv / plate map.csv","A B C D E F G H"
"a11",1.841,1.84933333333333,1.83266666666667,0,0,0,0,0,"Remdesivir","Favipiravir","EIDD-1931","Ribavirin",-0.4547108039287,1,"Drug assay CV C3.csv / plate map.csv","A B C D E F G H"
"a12",1.804,1.84933333333333,1.83266666666667,0,0,0,0,0,"Remdesivir","Favipiravir","EIDD-1931","Ribavirin",1.56420516551473,1,"Drug assay CV C3.csv / plate map.csv","A B C D E F G H"
"b1",1.88,1.84933333333333,1.83266666666667,0,1,0,0,0,"Remdesivir","Favipiravir","EIDD-1931","Ribavirin",-2.58275736631502,1,"Drug assay CV C3.csv / plate map.csv","A B C D E F G H"
"b2",1.872,1.84933333333333,1.83266666666667,0,2,0,0,0,"Remdesivir","Favipiravir","EIDD-1931","Ribavirin",-2.14623499454348,1,"Drug assay CV C3.csv / plate map.csv","A B C D E F G H"
"b3",1.878,1.84933333333333,1.83266666666667,0,4,0,0,0,"Remdesivir","Favipiravir","EIDD-1931","Ribavirin",-2.47362677337213,1,"Drug assay CV C3.csv / plate map.csv","A B C D E F G H"
"b4",1.837,1.84933333333333,1.83266666666667,0,8,0,0,0,"Remdesivir","Favipiravir","EIDD-1931","Ribavirin",-0.236449618042923,1,"Drug assay CV C3.csv / plate map.csv","A B C D E F G H"
"b5",1.81,1.84933333333333,1.83266666666667,0,16,0,0,0,"Remdesivir","Favipiravir","EIDD-1931","Ribavirin",1.23681338668606,1,"Drug assay CV C3.csv / plate map.csv","A B C D E F G H"
"b6",1.763,1.84933333333333,1.83266666666667,0,32,0,0,0,"Remdesivir","Favipiravir","EIDD-1931","Ribavirin",3.80138232084395,1,"Drug assay CV C3.csv / plate map.csv","A B C D E F G H"
"b7",1.694,1.84933333333333,1.83266666666667,0,64,0,0,0,"Remdesivir","Favipiravir","EIDD-1931","Ribavirin",7.56638777737359,1,"Drug assay CV C3.csv / plate map.csv","A B C D E F G H"
"b8",1.428,1.84933333333333,1.83266666666667,0,128,0,0,0,"Remdesivir","Favipiravir","EIDD-1931","Ribavirin",22.0807566387777,1,"Drug assay CV C3.csv / plate map.csv","A B C D E F G H"
"b9",1.879,1.84933333333333,1.83266666666667,0,0,0,0,0,"Remdesivir","Favipiravir","EIDD-1931","Ribavirin",-2.52819206984358,1,"Drug assay CV C3.csv / plate map.csv","A B C D E F G H"
"b10",1.84,1.84933333333333,1.83266666666667,0,0,0,0,0,"Remdesivir","Favipiravir","EIDD-1931","Ribavirin",-0.400145507457262,1,"Drug assay CV C3.csv / plate map.csv","A B C D E F G H"
"b11",1.844,1.84933333333333,1.83266666666667,0,0,0,0,0,"Remdesivir","Favipiravir","EIDD-1931","Ribavirin",-0.618406693343038,1,"Drug assay CV C3.csv / plate map.csv","A B C D E F G H"
"b12",1.824,1.84933333333333,1.83266666666667,0,0,0,0,0,"Remdesivir","Favipiravir","EIDD-1931","Ribavirin",0.472899236085846,1,"Drug assay CV C3.csv / plate map.csv","A B C D E F G H"
"c1",1.932,1.84933333333333,1.83266666666667,0,0,0.0625,0,0,"Remdesivir","Favipiravir","EIDD-1931","Ribavirin",-5.42015278283012,1,"Drug assay CV C3.csv / plate map.csv","A B C D E F G H"
"c2",1.913,1.84933333333333,1.83266666666667,0,0,0.125,0,0,"Remdesivir","Favipiravir","EIDD-1931","Ribavirin",-4.38341214987268,1,"Drug assay CV C3.csv / plate map.csv","A B C D E F G H"
"c3",1.94,1.84933333333333,1.83266666666667,0,0,0.25,0,0,"Remdesivir","Favipiravir","EIDD-1931","Ribavirin",-5.85667515460167,1,"Drug assay CV C3.csv / plate map.csv","A B C D E F G H"
"c4",1.949,1.84933333333333,1.83266666666667,0,0,0.5,0,0,"Remdesivir","Favipiravir","EIDD-1931","Ribavirin",-6.34776282284467,1,"Drug assay CV C3.csv / plate map.csv","A B C D E F G H"
"c5",2.018,1.84933333333333,1.83266666666667,0,0,1,0,0,"Remdesivir","Favipiravir","EIDD-1931","Ribavirin",-10.1127682793743,1,"Drug assay CV C3.csv / plate map.csv","A B C D E F G H"
"c6",1.415,1.84933333333333,1.83266666666667,0,0,2,0,0,"Remdesivir","Favipiravir","EIDD-1931","Ribavirin",22.7901054929065,1,"Drug assay CV C3.csv / plate map.csv","A B C D E F G H"
"c7",0.8,1.84933333333333,1.83266666666667,0,0,4,0,0,"Remdesivir","Favipiravir","EIDD-1931","Ribavirin",56.3477628228447,1,"Drug assay CV C3.csv / plate map.csv","A B C D E F G H"
"c8",0.544,1.84933333333333,1.83266666666667,0,0,8,0,0,"Remdesivir","Favipiravir","EIDD-1931","Ribavirin",70.3164787195344,1,"Drug assay CV C3.csv / plate map.csv","A B C D E F G H"
"c9",1.864,1.84933333333333,1.83266666666667,0,0,0,0,0,"Remdesivir","Favipiravir","EIDD-1931","Ribavirin",-1.70971262277192,1,"Drug assay CV C3.csv / plate map.csv","A B C D E F G H"
"c10",1.861,1.84933333333333,1.83266666666667,0,0,0,0,0,"Remdesivir","Favipiravir","EIDD-1931","Ribavirin",-1.54601673335758,1,"Drug assay CV C3.csv / plate map.csv","A B C D E F G H"
"c11",1.886,1.84933333333333,1.83266666666667,0,0,0,0,0,"Remdesivir","Favipiravir","EIDD-1931","Ribavirin",-2.91014914514368,1,"Drug assay CV C3.csv / plate map.csv","A B C D E F G H"
"c12",1.862,1.84933333333333,1.83266666666667,0,0,0,0,0,"Remdesivir","Favipiravir","EIDD-1931","Ribavirin",-1.60058202982903,1,"Drug assay CV C3.csv / plate map.csv","A B C D E F G H"
"d1",1.856,1.84933333333333,1.83266666666667,0,0,0,0.25,0,"Remdesivir","Favipiravir","EIDD-1931","Ribavirin",-1.27319025100037,1,"Drug assay CV C3.csv / plate map.csv","A B C D E F G H"
"d2",1.861,1.84933333333333,1.83266666666667,0,0,0,0.5,0,"Remdesivir","Favipiravir","EIDD-1931","Ribavirin",-1.54601673335758,1,"Drug assay CV C3.csv / plate map.csv","A B C D E F G H"
"d3",1.836,1.84933333333333,1.83266666666667,0,0,0,1,0,"Remdesivir","Favipiravir","EIDD-1931","Ribavirin",-0.181884321571485,1,"Drug assay CV C3.csv / plate map.csv","A B C D E F G H"
"d4",1.821,1.84933333333333,1.83266666666667,0,0,0,2,0,"Remdesivir","Favipiravir","EIDD-1931","Ribavirin",0.636595125500184,1,"Drug assay CV C3.csv / plate map.csv","A B C D E F G H"
"d5",1.807,1.84933333333333,1.83266666666667,0,0,0,4,0,"Remdesivir","Favipiravir","EIDD-1931","Ribavirin",1.4005092761004,1,"Drug assay CV C3.csv / plate map.csv","A B C D E F G H"
"d6",1.763,1.84933333333333,1.83266666666667,0,0,0,8,0,"Remdesivir","Favipiravir","EIDD-1931","Ribavirin",3.80138232084395,1,"Drug assay CV C3.csv / plate map.csv","A B C D E F G H"
"d7",1.689,1.84933333333333,1.83266666666667,0,0,0,16,0,"Remdesivir","Favipiravir","EIDD-1931","Ribavirin",7.83921425973081,1,"Drug assay CV C3.csv / plate map.csv","A B C D E F G H"
"d8",1.202,1.84933333333333,1.83266666666667,0,0,0,32,0,"Remdesivir","Favipiravir","EIDD-1931","Ribavirin",34.4125136413241,1,"Drug assay CV C3.csv / plate map.csv","A B C D E F G H"
"d9",1.838,1.84933333333333,1.83266666666667,0,0,0,0,0,"Remdesivir","Favipiravir","EIDD-1931","Ribavirin",-0.291014914514373,1,"Drug assay CV C3.csv / plate map.csv","A B C D E F G H"
"d10",1.843,1.84933333333333,1.83266666666667,0,0,0,0,0,"Remdesivir","Favipiravir","EIDD-1931","Ribavirin",-0.563841396871588,1,"Drug assay CV C3.csv / plate map.csv","A B C D E F G H"
"d11",1.821,1.84933333333333,1.83266666666667,0,0,0,0,0,"Remdesivir","Favipiravir","EIDD-1931","Ribavirin",0.636595125500184,1,"Drug assay CV C3.csv / plate map.csv","A B C D E F G H"
"d12",1.787,1.84933333333333,1.83266666666667,0,0,0,0,0,"Remdesivir","Favipiravir","EIDD-1931","Ribavirin",2.49181520552929,1,"Drug assay CV C3.csv / plate map.csv","A B C D E F G H"
"e1",1.85,1.84933333333333,1.83266666666667,0.125,0,0.125,0,0,"Remdesivir","Favipiravir","EIDD-1931","Ribavirin",-0.945798472171704,1,"Drug assay CV C3.csv / plate map.csv","A B C D E F G H"
"e2",1.877,1.84933333333333,1.83266666666667,0.5,0,0.125,0,0,"Remdesivir","Favipiravir","EIDD-1931","Ribavirin",-2.41906147690069,1,"Drug assay CV C3.csv / plate map.csv","A B C D E F G H"
"e3",1.88,1.84933333333333,1.83266666666667,2,0,0.125,0,0,"Remdesivir","Favipiravir","EIDD-1931","Ribavirin",-2.58275736631502,1,"Drug assay CV C3.csv / plate map.csv","A B C D E F G H"
"e4",1.84,1.84933333333333,1.83266666666667,4,0,0.125,0,0,"Remdesivir","Favipiravir","EIDD-1931","Ribavirin",-0.400145507457262,1,"Drug assay CV C3.csv / plate map.csv","A B C D E F G H"
"e5",1.86,1.84933333333333,1.83266666666667,0,1,0.125,0,0,"Remdesivir","Favipiravir","EIDD-1931","Ribavirin",-1.49145143688615,1,"Drug assay CV C3.csv / plate map.csv","A B C D E F G H"
"e6",1.788,1.84933333333333,1.83266666666667,0,8,0.125,0,0,"Remdesivir","Favipiravir","EIDD-1931","Ribavirin",2.43724990905784,1,"Drug assay CV C3.csv / plate map.csv","A B C D E F G H"
"e7",1.819,1.84933333333333,1.83266666666667,0,16,0.125,0,0,"Remdesivir","Favipiravir","EIDD-1931","Ribavirin",0.745725718443073,1,"Drug assay CV C3.csv / plate map.csv","A B C D E F G H"
"e8",1.759,1.84933333333333,1.83266666666667,0,64,0.125,0,0,"Remdesivir","Favipiravir","EIDD-1931","Ribavirin",4.01964350672973,1,"Drug assay CV C3.csv / plate map.csv","A B C D E F G H"
"e9",1.897,1.84933333333333,1.83266666666667,0,0,0.125,0.25,0,"Remdesivir","Favipiravir","EIDD-1931","Ribavirin",-3.51036740632958,1,"Drug assay CV C3.csv / plate map.csv","A B C D E F G H"
"e10",1.878,1.84933333333333,1.83266666666667,0,0,0.125,1,0,"Remdesivir","Favipiravir","EIDD-1931","Ribavirin",-2.47362677337213,1,"Drug assay CV C3.csv / plate map.csv","A B C D E F G H"
"e11",1.875,1.84933333333333,1.83266666666667,0,0,0.125,4,0,"Remdesivir","Favipiravir","EIDD-1931","Ribavirin",-2.3099308839578,1,"Drug assay CV C3.csv / plate map.csv","A B C D E F G H"
"e12",1.848,1.84933333333333,1.83266666666667,0,0,0.125,8,0,"Remdesivir","Favipiravir","EIDD-1931","Ribavirin",-0.836667879228815,1,"Drug assay CV C3.csv / plate map.csv","A B C D E F G H"
"f1",1.915,1.84933333333333,1.83266666666667,0.125,0,0.5,0,0,"Remdesivir","Favipiravir","EIDD-1931","Ribavirin",-4.49254274281557,1,"Drug assay CV C3.csv / plate map.csv","A B C D E F G H"
"f2",1.908,1.84933333333333,1.83266666666667,0.5,0,0.5,0,0,"Remdesivir","Favipiravir","EIDD-1931","Ribavirin",-4.11058566751546,1,"Drug assay CV C3.csv / plate map.csv","A B C D E F G H"
"f3",1.868,1.84933333333333,1.83266666666667,2,0,0.5,0,0,"Remdesivir","Favipiravir","EIDD-1931","Ribavirin",-1.9279738086577,1,"Drug assay CV C3.csv / plate map.csv","A B C D E F G H"
"f4",1.879,1.84933333333333,1.83266666666667,4,0,0.5,0,0,"Remdesivir","Favipiravir","EIDD-1931","Ribavirin",-2.52819206984358,1,"Drug assay CV C3.csv / plate map.csv","A B C D E F G H"
"f5",1.893,1.84933333333333,1.83266666666667,0,1,0.5,0,0,"Remdesivir","Favipiravir","EIDD-1931","Ribavirin",-3.2921062204438,1,"Drug assay CV C3.csv / plate map.csv","A B C D E F G H"
"f6",1.851,1.84933333333333,1.83266666666667,0,8,0.5,0,0,"Remdesivir","Favipiravir","EIDD-1931","Ribavirin",-1.00036376864314,1,"Drug assay CV C3.csv / plate map.csv","A B C D E F G H"
"f7",1.578,1.84933333333333,1.83266666666667,0,16,0.5,0,0,"Remdesivir","Favipiravir","EIDD-1931","Ribavirin",13.8959621680611,1,"Drug assay CV C3.csv / plate map.csv","A B C D E F G H"
"f8",1.647,1.84933333333333,1.83266666666667,0,64,0.5,0,0,"Remdesivir","Favipiravir","EIDD-1931","Ribavirin",10.1309567115315,1,"Drug assay CV C3.csv / plate map.csv","A B C D E F G H"
"f9",1.871,1.84933333333333,1.83266666666667,0,0,0.5,0.25,0,"Remdesivir","Favipiravir","EIDD-1931","Ribavirin",-2.09166969807203,1,"Drug assay CV C3.csv / plate map.csv","A B C D E F G H"
"f10",1.851,1.84933333333333,1.83266666666667,0,0,0.5,1,0,"Remdesivir","Favipiravir","EIDD-1931","Ribavirin",-1.00036376864314,1,"Drug assay CV C3.csv / plate map.csv","A B C D E F G H"
"f11",1.8,1.84933333333333,1.83266666666667,0,0,0.5,4,0,"Remdesivir","Favipiravir","EIDD-1931","Ribavirin",1.78246635140051,1,"Drug assay CV C3.csv / plate map.csv","A B C D E F G H"
"f12",1.804,1.84933333333333,1.83266666666667,0,0,0.5,8,0,"Remdesivir","Favipiravir","EIDD-1931","Ribavirin",1.56420516551473,1,"Drug assay CV C3.csv / plate map.csv","A B C D E F G H"
"g1",1.907,1.84933333333333,1.83266666666667,0.125,0,1,0,0,"Remdesivir","Favipiravir","EIDD-1931","Ribavirin",-4.05602037104402,1,"Drug assay CV C3.csv / plate map.csv","A B C D E F G H"
"g2",1.963,1.84933333333333,1.83266666666667,0.5,0,1,0,0,"Remdesivir","Favipiravir","EIDD-1931","Ribavirin",-7.11167697344489,1,"Drug assay CV C3.csv / plate map.csv","A B C D E F G H"
"g3",1.947,1.84933333333333,1.83266666666667,2,0,1,0,0,"Remdesivir","Favipiravir","EIDD-1931","Ribavirin",-6.23863222990179,1,"Drug assay CV C3.csv / plate map.csv","A B C D E F G H"
"g4",1.939,1.84933333333333,1.83266666666667,4,0,1,0,0,"Remdesivir","Favipiravir","EIDD-1931","Ribavirin",-5.80210985813023,1,"Drug assay CV C3.csv / plate map.csv","A B C D E F G H"
"g5",1.906,1.84933333333333,1.83266666666667,0,1,1,0,0,"Remdesivir","Favipiravir","EIDD-1931","Ribavirin",-4.00145507457257,1,"Drug assay CV C3.csv / plate map.csv","A B C D E F G H"
"g6",1.892,1.84933333333333,1.83266666666667,0,8,1,0,0,"Remdesivir","Favipiravir","EIDD-1931","Ribavirin",-3.23754092397235,1,"Drug assay CV C3.csv / plate map.csv","A B C D E F G H"
"g7",1.907,1.84933333333333,1.83266666666667,0,16,1,0,0,"Remdesivir","Favipiravir","EIDD-1931","Ribavirin",-4.05602037104402,1,"Drug assay CV C3.csv / plate map.csv","A B C D E F G H"
"g8",1.7,1.84933333333333,1.83266666666667,0,64,1,0,0,"Remdesivir","Favipiravir","EIDD-1931","Ribavirin",7.23899599854493,1,"Drug assay CV C3.csv / plate map.csv","A B C D E F G H"
"g9",1.964,1.84933333333333,1.83266666666667,0,0,1,0.25,0,"Remdesivir","Favipiravir","EIDD-1931","Ribavirin",-7.16624226991633,1,"Drug assay CV C3.csv / plate map.csv","A B C D E F G H"
"g10",1.956,1.84933333333333,1.83266666666667,0,0,1,1,0,"Remdesivir","Favipiravir","EIDD-1931","Ribavirin",-6.72971989814478,1,"Drug assay CV C3.csv / plate map.csv","A B C D E F G H"
"g11",1.821,1.84933333333333,1.83266666666667,0,0,1,4,0,"Remdesivir","Favipiravir","EIDD-1931","Ribavirin",0.636595125500184,1,"Drug assay CV C3.csv / plate map.csv","A B C D E F G H"
"g12",1.814,1.84933333333333,1.83266666666667,0,0,1,8,0,"Remdesivir","Favipiravir","EIDD-1931","Ribavirin",1.01855220080029,1,"Drug assay CV C3.csv / plate map.csv","A B C D E F G H"
"h1",1.344,1.84933333333333,1.83266666666667,0.125,0,2,0,0,"Remdesivir","Favipiravir","EIDD-1931","Ribavirin",26.664241542379,1,"Drug assay CV C3.csv / plate map.csv","A B C D E F G H"
"h2",1.378,1.84933333333333,1.83266666666667,0.5,0,2,0,0,"Remdesivir","Favipiravir","EIDD-1931","Ribavirin",24.80902146235,1,"Drug assay CV C3.csv / plate map.csv","A B C D E F G H"
"h3",1.423,1.84933333333333,1.83266666666667,2,0,2,0,0,"Remdesivir","Favipiravir","EIDD-1931","Ribavirin",22.353583121135,1,"Drug assay CV C3.csv / plate map.csv","A B C D E F G H"
"h4",1.4,1.84933333333333,1.83266666666667,4,0,2,0,0,"Remdesivir","Favipiravir","EIDD-1931","Ribavirin",23.6085849399782,1,"Drug assay CV C3.csv / plate map.csv","A B C D E F G H"
"h5",1.308,1.84933333333333,1.83266666666667,0,1,2,0,0,"Remdesivir","Favipiravir","EIDD-1931","Ribavirin",28.628592215351,1,"Drug assay CV C3.csv / plate map.csv","A B C D E F G H"
"h6",1.244,1.84933333333333,1.83266666666667,0,8,2,0,0,"Remdesivir","Favipiravir","EIDD-1931","Ribavirin",32.1207711895235,1,"Drug assay CV C3.csv / plate map.csv","A B C D E F G H"
"h7",1.278,1.84933333333333,1.83266666666667,0,16,2,0,0,"Remdesivir","Favipiravir","EIDD-1931","Ribavirin",30.2655511094944,1,"Drug assay CV C3.csv / plate map.csv","A B C D E F G H"
"h8",1.288,1.84933333333333,1.83266666666667,0,64,2,0,0,"Remdesivir","Favipiravir","EIDD-1931","Ribavirin",29.7198981447799,1,"Drug assay CV C3.csv / plate map.csv","A B C D E F G H"
"h9",1.339,1.84933333333333,1.83266666666667,0,0,2,0.25,0,"Remdesivir","Favipiravir","EIDD-1931","Ribavirin",26.9370680247363,1,"Drug assay CV C3.csv / plate map.csv","A B C D E F G H"
"h10",1.747,1.84933333333333,1.83266666666667,0,0,2,1,0,"Remdesivir","Favipiravir","EIDD-1931","Ribavirin",4.67442706438704,1,"Drug assay CV C3.csv / plate map.csv","A B C D E F G H"
"h11",1.835,1.84933333333333,1.83266666666667,0,0,2,4,0,"Remdesivir","Favipiravir","EIDD-1931","Ribavirin",-0.127319025100034,1,"Drug assay CV C3.csv / plate map.csv","A B C D E F G H"
"h12",1.774,1.84933333333333,1.83266666666667,0,0,2,8,0,"Remdesivir","Favipiravir","EIDD-1931","Ribavirin",3.20116405965806,1,"Drug assay CV C3.csv / plate map.csv","A B C D E F G H"
