coord,od,virus_control_od,cell_control_od,drug1_conc,drug2_conc,drug3_conc,drug4_conc,dmso,drug1_name,drug2_name,drug3_name,drug4_name,viral_percent_inh
a1,0.228,0.21725,1.718,0.125,0,0,0,0,Remdesivir,Favipiravir,EIDD-1931,Ribavirin,0.716308512
a2,0.239,0.21725,1.718,0.25,0,0,0,0,Remdesivir,Favipiravir,EIDD-1931,Ribavirin,1.449275362
a3,0.271,0.21725,1.718,0.5,0,0,0,0,Remdesivir,Favipiravir,EIDD-1931,Ribavirin,3.581542562
a4,0.667,0.21725,1.718,1,0,0,0,0,Remdesivir,Favipiravir,EIDD-1931,Ribavirin,29.96834916
a5,2.102,0.21725,1.718,2,0,0,0,0,Remdesivir,Favipiravir,EIDD-1931,Ribavirin,125.5872064
a6,2.063,0.21725,1.718,4,0,0,0,0,Remdesivir,Favipiravir,EIDD-1931,Ribavirin,122.9885057
a7,2.055,0.21725,1.718,8,0,0,0,0,Remdesivir,Favipiravir,EIDD-1931,Ribavirin,122.4554389
a8,2.064,0.21725,1.718,16,0,0,0,0,Remdesivir,Favipiravir,EIDD-1931,Ribavirin,123.0551391
a9,0.225,0.21725,1.718,0,0,0,0,0,Remdesivir,Favipiravir,EIDD-1931,Ribavirin,0.516408462
a10,0.237,0.21725,1.718,0,0,0,0,0,Remdesivir,Favipiravir,EIDD-1931,Ribavirin,1.316008662
a11,1.732,0.21725,1.718,0,0,0,0,0,Remdesivir,Favipiravir,EIDD-1931,Ribavirin,100.9328669
a12,1.816,0.21725,1.718,0,0,0,0,0,Remdesivir,Favipiravir,EIDD-1931,Ribavirin,106.5300683
b1,0.189,0.21725,1.718,0,1,0,0,0,Remdesivir,Favipiravir,EIDD-1931,Ribavirin,-1.882392137
b2,0.21,0.21725,1.718,0,2,0,0,0,Remdesivir,Favipiravir,EIDD-1931,Ribavirin,-0.483091787
b3,0.213,0.21725,1.718,0,4,0,0,0,Remdesivir,Favipiravir,EIDD-1931,Ribavirin,-0.283191737
b4,0.23,0.21725,1.718,0,8,0,0,0,Remdesivir,Favipiravir,EIDD-1931,Ribavirin,0.849575212
b5,0.225,0.21725,1.718,0,16,0,0,0,Remdesivir,Favipiravir,EIDD-1931,Ribavirin,0.516408462
b6,0.252,0.21725,1.718,0,32,0,0,0,Remdesivir,Favipiravir,EIDD-1931,Ribavirin,2.315508912
b7,0.696,0.21725,1.718,0,64,0,0,0,Remdesivir,Favipiravir,EIDD-1931,Ribavirin,31.90071631
b8,1.704,0.21725,1.718,0,128,0,0,0,Remdesivir,Favipiravir,EIDD-1931,Ribavirin,99.0671331
b9,0.195,0.21725,1.718,0,0,0,0,0,Remdesivir,Favipiravir,EIDD-1931,Ribavirin,-1.482592037
b10,0.204,0.21725,1.718,0,0,0,0,0,Remdesivir,Favipiravir,EIDD-1931,Ribavirin,-0.882891887
b11,2.022,0.21725,1.718,0,0,0,0,0,Remdesivir,Favipiravir,EIDD-1931,Ribavirin,120.2565384
b12,1.658,0.21725,1.718,0,0,0,0,0,Remdesivir,Favipiravir,EIDD-1931,Ribavirin,96.001999
c1,0.213,0.21725,1.718,0,0,0,0.25,0,Remdesivir,Favipiravir,EIDD-1931,Ribavirin,-0.283191737
c2,0.216,0.21725,1.718,0,0,0,0.5,0,Remdesivir,Favipiravir,EIDD-1931,Ribavirin,-0.083291687
c3,0.213,0.21725,1.718,0,0,0,1,0,Remdesivir,Favipiravir,EIDD-1931,Ribavirin,-0.283191737
c4,0.228,0.21725,1.718,0,0,0,2,0,Remdesivir,Favipiravir,EIDD-1931,Ribavirin,0.716308512
c5,0.427,0.21725,1.718,0,0,0,4,0,Remdesivir,Favipiravir,EIDD-1931,Ribavirin,13.97634516
c6,1.686,0.21725,1.718,0,0,0,8,0,Remdesivir,Favipiravir,EIDD-1931,Ribavirin,97.8677328
c7,1.971,0.21725,1.718,0,0,0,16,0,Remdesivir,Favipiravir,EIDD-1931,Ribavirin,116.8582375
c8,1.671,0.21725,1.718,0,0,0,32,0,Remdesivir,Favipiravir,EIDD-1931,Ribavirin,96.86823255
c9,0.207,0.21725,1.718,0,0,0,0,0,Remdesivir,Favipiravir,EIDD-1931,Ribavirin,-0.682991837
c10,0.233,0.21725,1.718,0,0,0,0,0,Remdesivir,Favipiravir,EIDD-1931,Ribavirin,1.049475262
c11,2.073,0.21725,1.718,0,0,0,0,0,Remdesivir,Favipiravir,EIDD-1931,Ribavirin,123.6548392
c12,1.666,0.21725,1.718,0,0,0,0,0,Remdesivir,Favipiravir,EIDD-1931,Ribavirin,96.5350658
d1,0.235,0.21725,1.718,0.125,1,0,0,0,Remdesivir,Favipiravir,EIDD-1931,Ribavirin,1.182741962
d2,0.292,0.21725,1.718,0.5,1,0,0,0,Remdesivir,Favipiravir,EIDD-1931,Ribavirin,4.980842912
d3,2.027,0.21725,1.718,2,1,0,0,0,Remdesivir,Favipiravir,EIDD-1931,Ribavirin,120.5897051
d4,2.04,0.21725,1.718,4,1,0,0,0,Remdesivir,Favipiravir,EIDD-1931,Ribavirin,121.4559387
d5,0.226,0.21725,1.718,0.125,0,0,0.25,0,Remdesivir,Favipiravir,EIDD-1931,Ribavirin,0.583041812
d6,0.271,0.21725,1.718,0.5,0,0,0.25,0,Remdesivir,Favipiravir,EIDD-1931,Ribavirin,3.581542562
d7,2.132,0.21725,1.718,2,0,0,0.25,0,Remdesivir,Favipiravir,EIDD-1931,Ribavirin,127.5862069
d8,2.079,0.21725,1.718,4,0,0,0.25,0,Remdesivir,Favipiravir,EIDD-1931,Ribavirin,124.0546393
d9,0.214,0.21725,1.718,0,1,0,0.25,0,Remdesivir,Favipiravir,EIDD-1931,Ribavirin,-0.216558387
d10,0.241,0.21725,1.718,0,8,0,0.25,0,Remdesivir,Favipiravir,EIDD-1931,Ribavirin,1.582542062
d11,0.243,0.21725,1.718,0,16,0,0.25,0,Remdesivir,Favipiravir,EIDD-1931,Ribavirin,1.715808762
d12,0.524,0.21725,1.718,0,64,0,0.25,0,Remdesivir,Favipiravir,EIDD-1931,Ribavirin,20.43978011
e1,0.232,0.21725,1.718,0.125,4,0,0,0,Remdesivir,Favipiravir,EIDD-1931,Ribavirin,0.982841912
e2,0.353,0.21725,1.718,0.5,4,0,0,0,Remdesivir,Favipiravir,EIDD-1931,Ribavirin,9.045477261
e3,2.023,0.21725,1.718,2,4,0,0,0,Remdesivir,Favipiravir,EIDD-1931,Ribavirin,120.3231717
e4,2.002,0.21725,1.718,4,4,0,0,0,Remdesivir,Favipiravir,EIDD-1931,Ribavirin,118.9238714
e5,0.212,0.21725,1.718,0.125,0,0,1,0,Remdesivir,Favipiravir,EIDD-1931,Ribavirin,-0.349825087
e6,0.25,0.21725,1.718,0.5,0,0,1,0,Remdesivir,Favipiravir,EIDD-1931,Ribavirin,2.182242212
e7,2.156,0.21725,1.718,2,0,0,1,0,Remdesivir,Favipiravir,EIDD-1931,Ribavirin,129.1854073
e8,2.021,0.21725,1.718,4,0,0,1,0,Remdesivir,Favipiravir,EIDD-1931,Ribavirin,120.189905
e9,0.178,0.21725,1.718,0,1,0,1,0,Remdesivir,Favipiravir,EIDD-1931,Ribavirin,-2.615358987
e10,0.205,0.21725,1.718,0,8,0,1,0,Remdesivir,Favipiravir,EIDD-1931,Ribavirin,-0.816258537
e11,0.182,0.21725,1.718,0,16,0,1,0,Remdesivir,Favipiravir,EIDD-1931,Ribavirin,-2.348825587
e12,0.246,0.21725,1.718,0,64,0,1,0,Remdesivir,Favipiravir,EIDD-1931,Ribavirin,1.915708812
f1,0.258,0.21725,1.718,0.125,16,0,0,0,Remdesivir,Favipiravir,EIDD-1931,Ribavirin,2.715309012
f2,0.429,0.21725,1.718,0.5,16,0,0,0,Remdesivir,Favipiravir,EIDD-1931,Ribavirin,14.10961186
f3,2.018,0.21725,1.718,2,16,0,0,0,Remdesivir,Favipiravir,EIDD-1931,Ribavirin,119.990005
f4,2.034,0.21725,1.718,4,16,0,0,0,Remdesivir,Favipiravir,EIDD-1931,Ribavirin,121.0561386
f5,0.525,0.21725,1.718,0.125,0,0,4,0,Remdesivir,Favipiravir,EIDD-1931,Ribavirin,20.50641346
f6,1.192,0.21725,1.718,0.5,0,0,4,0,Remdesivir,Favipiravir,EIDD-1931,Ribavirin,64.9508579
f7,2.055,0.21725,1.718,2,0,0,4,0,Remdesivir,Favipiravir,EIDD-1931,Ribavirin,122.4554389
f8,1.988,0.21725,1.718,4,0,0,4,0,Remdesivir,Favipiravir,EIDD-1931,Ribavirin,117.9910045
f9,0.424,0.21725,1.718,0,1,0,4,0,Remdesivir,Favipiravir,EIDD-1931,Ribavirin,13.77644511
f10,0.527,0.21725,1.718,0,8,0,4,0,Remdesivir,Favipiravir,EIDD-1931,Ribavirin,20.63968016
f11,0.573,0.21725,1.718,0,16,0,4,0,Remdesivir,Favipiravir,EIDD-1931,Ribavirin,23.70481426
f12,1.128,0.21725,1.718,0,64,0,4,0,Remdesivir,Favipiravir,EIDD-1931,Ribavirin,60.6863235
g1,0.856,0.21725,1.718,0.125,64,0,0,0,Remdesivir,Favipiravir,EIDD-1931,Ribavirin,42.56205231
g2,1.566,0.21725,1.718,0.5,64,0,0,0,Remdesivir,Favipiravir,EIDD-1931,Ribavirin,89.8717308
g3,1.926,0.21725,1.718,2,64,0,0,0,Remdesivir,Favipiravir,EIDD-1931,Ribavirin,113.8597368
g4,1.962,0.21725,1.718,4,64,0,0,0,Remdesivir,Favipiravir,EIDD-1931,Ribavirin,116.2585374
g5,1.785,0.21725,1.718,0.125,0,0,8,0,Remdesivir,Favipiravir,EIDD-1931,Ribavirin,104.4644344
g6,2.118,0.21725,1.718,0.5,0,0,8,0,Remdesivir,Favipiravir,EIDD-1931,Ribavirin,126.65334
g7,1.993,0.21725,1.718,2,0,0,8,0,Remdesivir,Favipiravir,EIDD-1931,Ribavirin,118.3241712
g8,1.947,0.21725,1.718,4,0,0,8,0,Remdesivir,Favipiravir,EIDD-1931,Ribavirin,115.2590371
g9,1.747,0.21725,1.718,0,1,0,8,0,Remdesivir,Favipiravir,EIDD-1931,Ribavirin,101.9323671
g10,1.819,0.21725,1.718,0,8,0,8,0,Remdesivir,Favipiravir,EIDD-1931,Ribavirin,106.7299683
g11,1.853,0.21725,1.718,0,16,0,8,0,Remdesivir,Favipiravir,EIDD-1931,Ribavirin,108.9955022
g12,1.784,0.21725,1.718,0,64,0,8,0,Remdesivir,Favipiravir,EIDD-1931,Ribavirin,104.3978011
h1,0.241,0.21725,1.718,0,0,0,0,0.02,Remdesivir,Favipiravir,EIDD-1931,Ribavirin,1.582542062
h2,0.243,0.21725,1.718,0,0,0,0,0.04,Remdesivir,Favipiravir,EIDD-1931,Ribavirin,1.715808762
h3,0.247,0.21725,1.718,0,0,0,0,0.08,Remdesivir,Favipiravir,EIDD-1931,Ribavirin,1.982342162
h4,0.246,0.21725,1.718,0,0,0,0,0.2,Remdesivir,Favipiravir,EIDD-1931,Ribavirin,1.915708812
h5,0.231,0.21725,1.718,0,0,0,0,0.3,Remdesivir,Favipiravir,EIDD-1931,Ribavirin,0.916208562
h6,0.235,0.21725,1.718,0,0,0,0,0.6,Remdesivir,Favipiravir,EIDD-1931,Ribavirin,1.182741962
h7,0.26,0.21725,1.718,0,0,0,0,1.3,Remdesivir,Favipiravir,EIDD-1931,Ribavirin,2.848575712
h8,0.226,0.21725,1.718,0,0,0,0,2.6,Remdesivir,Favipiravir,EIDD-1931,Ribavirin,0.583041812
h9,0.367,0.21725,1.718,0,0,0,0,5.1,Remdesivir,Favipiravir,EIDD-1931,Ribavirin,9.978344161
h10,0.424,0.21725,1.718,0,0,0,0,25,Remdesivir,Favipiravir,EIDD-1931,Ribavirin,13.77644511
h11,0.442,0.21725,1.718,0,0,0,0,25,Remdesivir,Favipiravir,EIDD-1931,Ribavirin,14.97584541
h12,0.443,0.21725,1.718,0,0,0,0,0,Remdesivir,Favipiravir,EIDD-1931,Ribavirin,15.04247876
a1,0.235,0.216,2.1528,0.125,0,0,0,0,Remdesivir,Favipiravir,EIDD-1931,Ribavirin,0.980999587
a2,0.255,0.216,2.1528,0.25,0,0,0,0,Remdesivir,Favipiravir,EIDD-1931,Ribavirin,2.013630731
a3,0.236,0.216,2.1528,0.5,0,0,0,0,Remdesivir,Favipiravir,EIDD-1931,Ribavirin,1.032631144
a4,0.862,0.216,2.1528,1,0,0,0,0,Remdesivir,Favipiravir,EIDD-1931,Ribavirin,33.35398596
a5,2.138,0.216,2.1528,2,0,0,0,0,Remdesivir,Favipiravir,EIDD-1931,Ribavirin,99.23585295
a6,2.151,0.216,2.1528,4,0,0,0,0,Remdesivir,Favipiravir,EIDD-1931,Ribavirin,99.9070632
a7,2.154,0.216,2.1528,8,0,0,0,0,Remdesivir,Favipiravir,EIDD-1931,Ribavirin,100.0619579
a8,1.947,0.216,2.1528,16,0,0,0,0,Remdesivir,Favipiravir,EIDD-1931,Ribavirin,89.37422553
a9,0.211,0.216,2.1528,0,0,0,0,0,Remdesivir,Favipiravir,EIDD-1931,Ribavirin,-0.258157786
a10,0.229,0.216,2.1528,0,0,0,0,0,Remdesivir,Favipiravir,EIDD-1931,Ribavirin,0.671210244
a11,2.14,0.216,2.1528,0,0,0,0,0,Remdesivir,Favipiravir,EIDD-1931,Ribavirin,99.33911607
a12,2.161,0.216,2.1528,0,0,0,0,0,Remdesivir,Favipiravir,EIDD-1931,Ribavirin,100.4233788
b1,0.205,0.216,2.1528,0,1,0,0,0,Remdesivir,Favipiravir,EIDD-1931,Ribavirin,-0.567947129
b2,0.225,0.216,2.1528,0,2,0,0,0,Remdesivir,Favipiravir,EIDD-1931,Ribavirin,0.464684015
b3,0.199,0.216,2.1528,0,4,0,0,0,Remdesivir,Favipiravir,EIDD-1931,Ribavirin,-0.877736473
b4,0.217,0.216,2.1528,0,8,0,0,0,Remdesivir,Favipiravir,EIDD-1931,Ribavirin,0.051631557
b5,0.192,0.216,2.1528,0,16,0,0,0,Remdesivir,Favipiravir,EIDD-1931,Ribavirin,-1.239157373
b6,0.242,0.216,2.1528,0,32,0,0,0,Remdesivir,Favipiravir,EIDD-1931,Ribavirin,1.342420487
b7,0.813,0.216,2.1528,0,64,0,0,0,Remdesivir,Favipiravir,EIDD-1931,Ribavirin,30.82403965
b8,1.759,0.216,2.1528,0,128,0,0,0,Remdesivir,Favipiravir,EIDD-1931,Ribavirin,79.66749277
b9,0.217,0.216,2.1528,0,0,0,0,0,Remdesivir,Favipiravir,EIDD-1931,Ribavirin,0.051631557
b10,0.22,0.216,2.1528,0,0,0,0,0,Remdesivir,Favipiravir,EIDD-1931,Ribavirin,0.206526229
b11,2.159,0.216,2.1528,0,0,0,0,0,Remdesivir,Favipiravir,EIDD-1931,Ribavirin,100.3201157
b12,2.142,0.216,2.1528,0,0,0,0,0,Remdesivir,Favipiravir,EIDD-1931,Ribavirin,99.44237918
c1,0.236,0.216,2.1528,0,0,0,0.25,0,Remdesivir,Favipiravir,EIDD-1931,Ribavirin,1.032631144
c2,0.227,0.216,2.1528,0,0,0,0.5,0,Remdesivir,Favipiravir,EIDD-1931,Ribavirin,0.567947129
c3,0.21,0.216,2.1528,0,0,0,1,0,Remdesivir,Favipiravir,EIDD-1931,Ribavirin,-0.309789343
c4,0.23,0.216,2.1528,0,0,0,2,0,Remdesivir,Favipiravir,EIDD-1931,Ribavirin,0.722841801
c5,0.431,0.216,2.1528,0,0,0,4,0,Remdesivir,Favipiravir,EIDD-1931,Ribavirin,11.1007848
c6,1.706,0.216,2.1528,0,0,0,8,0,Remdesivir,Favipiravir,EIDD-1931,Ribavirin,76.93102024
c7,2.061,0.216,2.1528,0,0,0,16,0,Remdesivir,Favipiravir,EIDD-1931,Ribavirin,95.26022305
c8,1.742,0.216,2.1528,0,0,0,32,0,Remdesivir,Favipiravir,EIDD-1931,Ribavirin,78.7897563
c9,0.202,0.216,2.1528,0,0,0,0,0,Remdesivir,Favipiravir,EIDD-1931,Ribavirin,-0.722841801
c10,0.23,0.216,2.1528,0,0,0,0,0,Remdesivir,Favipiravir,EIDD-1931,Ribavirin,0.722841801
c11,2.162,0.216,2.1528,0,0,0,0,0,Remdesivir,Favipiravir,EIDD-1931,Ribavirin,100.4750103
c12,1.919,0.216,2.1528,0,0,0,0,0,Remdesivir,Favipiravir,EIDD-1931,Ribavirin,87.92854192
d1,0.258,0.216,2.1528,0.125,1,0,0,0,Remdesivir,Favipiravir,EIDD-1931,Ribavirin,2.168525403
d2,0.304,0.216,2.1528,0.5,1,0,0,0,Remdesivir,Favipiravir,EIDD-1931,Ribavirin,4.543577034
d3,2.041,0.216,2.1528,2,1,0,0,0,Remdesivir,Favipiravir,EIDD-1931,Ribavirin,94.2275919
d4,2.082,0.216,2.1528,4,1,0,0,0,Remdesivir,Favipiravir,EIDD-1931,Ribavirin,96.34448575
d5,0.248,0.216,2.1528,0.125,0,0,0.25,0,Remdesivir,Favipiravir,EIDD-1931,Ribavirin,1.652209831
d6,0.255,0.216,2.1528,0.5,0,0,0.25,0,Remdesivir,Favipiravir,EIDD-1931,Ribavirin,2.013630731
d7,2.22,0.216,2.1528,2,0,0,0.25,0,Remdesivir,Favipiravir,EIDD-1931,Ribavirin,103.4696406
d8,2.131,0.216,2.1528,4,0,0,0.25,0,Remdesivir,Favipiravir,EIDD-1931,Ribavirin,98.87443205
d9,0.21,0.216,2.1528,0,1,0,0.25,0,Remdesivir,Favipiravir,EIDD-1931,Ribavirin,-0.309789343
d10,0.244,0.216,2.1528,0,8,0,0.25,0,Remdesivir,Favipiravir,EIDD-1931,Ribavirin,1.445683602
d11,0.227,0.216,2.1528,0,16,0,0.25,0,Remdesivir,Favipiravir,EIDD-1931,Ribavirin,0.567947129
d12,0.708,0.216,2.1528,0,64,0,0.25,0,Remdesivir,Favipiravir,EIDD-1931,Ribavirin,25.40272615
e1,0.235,0.216,2.1528,0.125,4,0,0,0,Remdesivir,Favipiravir,EIDD-1931,Ribavirin,0.980999587
e2,0.345,0.216,2.1528,0.5,4,0,0,0,Remdesivir,Favipiravir,EIDD-1931,Ribavirin,6.66047088
e3,2.116,0.216,2.1528,2,4,0,0,0,Remdesivir,Favipiravir,EIDD-1931,Ribavirin,98.09995869
e4,2.106,0.216,2.1528,4,4,0,0,0,Remdesivir,Favipiravir,EIDD-1931,Ribavirin,97.58364312
e5,0.23,0.216,2.1528,0.125,0,0,1,0,Remdesivir,Favipiravir,EIDD-1931,Ribavirin,0.722841801
e6,0.265,0.216,2.1528,0.5,0,0,1,0,Remdesivir,Favipiravir,EIDD-1931,Ribavirin,2.529946303
e7,2.213,0.216,2.1528,2,0,0,1,0,Remdesivir,Favipiravir,EIDD-1931,Ribavirin,103.1082197
e8,2.114,0.216,2.1528,4,0,0,1,0,Remdesivir,Favipiravir,EIDD-1931,Ribavirin,97.99669558
e9,0.22,0.216,2.1528,0,1,0,1,0,Remdesivir,Favipiravir,EIDD-1931,Ribavirin,0.206526229
e10,0.232,0.216,2.1528,0,8,0,1,0,Remdesivir,Favipiravir,EIDD-1931,Ribavirin,0.826104915
e11,0.238,0.216,2.1528,0,16,0,1,0,Remdesivir,Favipiravir,EIDD-1931,Ribavirin,1.135894259
e12,0.304,0.216,2.1528,0,64,0,1,0,Remdesivir,Favipiravir,EIDD-1931,Ribavirin,4.543577034
f1,0.278,0.216,2.1528,0.125,16,0,0,0,Remdesivir,Favipiravir,EIDD-1931,Ribavirin,3.201156547
f2,0.439,0.216,2.1528,0.5,16,0,0,0,Remdesivir,Favipiravir,EIDD-1931,Ribavirin,11.51383726
f3,2.082,0.216,2.1528,2,16,0,0,0,Remdesivir,Favipiravir,EIDD-1931,Ribavirin,96.34448575
f4,2.089,0.216,2.1528,4,16,0,0,0,Remdesivir,Favipiravir,EIDD-1931,Ribavirin,96.70590665
f5,0.503,0.216,2.1528,0.125,0,0,4,0,Remdesivir,Favipiravir,EIDD-1931,Ribavirin,14.81825692
f6,0.944,0.216,2.1528,0.5,0,0,4,0,Remdesivir,Favipiravir,EIDD-1931,Ribavirin,37.58777365
f7,2.155,0.216,2.1528,2,0,0,4,0,Remdesivir,Favipiravir,EIDD-1931,Ribavirin,100.1135894
f8,2.102,0.216,2.1528,4,0,0,4,0,Remdesivir,Favipiravir,EIDD-1931,Ribavirin,97.37711689
f9,0.422,0.216,2.1528,0,1,0,4,0,Remdesivir,Favipiravir,EIDD-1931,Ribavirin,10.63610078
f10,0.472,0.216,2.1528,0,8,0,4,0,Remdesivir,Favipiravir,EIDD-1931,Ribavirin,13.21767865
f11,0.504,0.216,2.1528,0,16,0,4,0,Remdesivir,Favipiravir,EIDD-1931,Ribavirin,14.86988848
f12,1.046,0.216,2.1528,0,64,0,4,0,Remdesivir,Favipiravir,EIDD-1931,Ribavirin,42.85419248
g1,0.727,0.216,2.1528,0.125,64,0,0,0,Remdesivir,Favipiravir,EIDD-1931,Ribavirin,26.38372573
g2,1.474,0.216,2.1528,0.5,64,0,0,0,Remdesivir,Favipiravir,EIDD-1931,Ribavirin,64.95249897
g3,1.984,0.216,2.1528,2,64,0,0,0,Remdesivir,Favipiravir,EIDD-1931,Ribavirin,91.28459314
g4,1.949,0.216,2.1528,4,64,0,0,0,Remdesivir,Favipiravir,EIDD-1931,Ribavirin,89.47748864
g5,1.767,0.216,2.1528,0.125,0,0,8,0,Remdesivir,Favipiravir,EIDD-1931,Ribavirin,80.08054523
g6,2.176,0.216,2.1528,0.5,0,0,8,0,Remdesivir,Favipiravir,EIDD-1931,Ribavirin,101.1978521
g7,2.098,0.216,2.1528,2,0,0,8,0,Remdesivir,Favipiravir,EIDD-1931,Ribavirin,97.17059067
g8,2.031,0.216,2.1528,4,0,0,8,0,Remdesivir,Favipiravir,EIDD-1931,Ribavirin,93.71127633
g9,1.757,0.216,2.1528,0,1,0,8,0,Remdesivir,Favipiravir,EIDD-1931,Ribavirin,79.56422966
g10,1.867,0.216,2.1528,0,8,0,8,0,Remdesivir,Favipiravir,EIDD-1931,Ribavirin,85.24370095
g11,1.951,0.216,2.1528,0,16,0,8,0,Remdesivir,Favipiravir,EIDD-1931,Ribavirin,89.58075176
g12,1.687,0.216,2.1528,0,64,0,8,0,Remdesivir,Favipiravir,EIDD-1931,Ribavirin,75.95002065
h1,0.27,0.216,2.1528,0,0,0,0,0.02,Remdesivir,Favipiravir,EIDD-1931,Ribavirin,2.788104089
h2,0.255,0.216,2.1528,0,0,0,0,0.04,Remdesivir,Favipiravir,EIDD-1931,Ribavirin,2.013630731
h3,0.249,0.216,2.1528,0,0,0,0,0.08,Remdesivir,Favipiravir,EIDD-1931,Ribavirin,1.703841388
h4,0.251,0.216,2.1528,0,0,0,0,0.2,Remdesivir,Favipiravir,EIDD-1931,Ribavirin,1.807104502
h5,0.244,0.216,2.1528,0,0,0,0,0.3,Remdesivir,Favipiravir,EIDD-1931,Ribavirin,1.445683602
h6,0.222,0.216,2.1528,0,0,0,0,0.6,Remdesivir,Favipiravir,EIDD-1931,Ribavirin,0.309789343
h7,0.27,0.216,2.1528,0,0,0,0,1.3,Remdesivir,Favipiravir,EIDD-1931,Ribavirin,2.788104089
h8,0.238,0.216,2.1528,0,0,0,0,2.6,Remdesivir,Favipiravir,EIDD-1931,Ribavirin,1.135894259
h9,0.398,0.216,2.1528,0,0,0,0,5.1,Remdesivir,Favipiravir,EIDD-1931,Ribavirin,9.396943412
h10,0.453,0.216,2.1528,0,0,0,0,25,Remdesivir,Favipiravir,EIDD-1931,Ribavirin,12.23667906
h11,0.476,0.216,2.1528,0,0,0,0,25,Remdesivir,Favipiravir,EIDD-1931,Ribavirin,13.42420487
h12,0.454,0.216,2.1528,0,0,0,0,0,Remdesivir,Favipiravir,EIDD-1931,Ribavirin,12.28831062
a1,0.266,0.2212,2.107666667,0.125,0,0,0,0,Remdesivir,Favipiravir,EIDD-1931,Ribavirin,2.374810051
a2,0.259,0.2212,2.107666667,0.25,0,0,0,0,Remdesivir,Favipiravir,EIDD-1931,Ribavirin,2.00374598
a3,0.275,0.2212,2.107666667,0.5,0,0,0,0,Remdesivir,Favipiravir,EIDD-1931,Ribavirin,2.851892427
a4,0.734,0.2212,2.107666667,1,0,0,0,0,Remdesivir,Favipiravir,EIDD-1931,Ribavirin,27.18309361
a5,2.103,0.2212,2.107666667,2,0,0,0,0,Remdesivir,Favipiravir,EIDD-1931,Ribavirin,99.75262395
a6,2.11,0.2212,2.107666667,4,0,0,0,0,Remdesivir,Favipiravir,EIDD-1931,Ribavirin,100.123688
a7,2.164,0.2212,2.107666667,8,0,0,0,0,Remdesivir,Favipiravir,EIDD-1931,Ribavirin,102.9861823
a8,1.879,0.2212,2.107666667,16,0,0,0,0,Remdesivir,Favipiravir,EIDD-1931,Ribavirin,87.8785737
a9,0.225,0.2212,2.107666667,0,0,0,0,0,Remdesivir,Favipiravir,EIDD-1931,Ribavirin,0.201434781
a10,0.226,0.2212,2.107666667,0,0,0,0,0,Remdesivir,Favipiravir,EIDD-1931,Ribavirin,0.254443934
a11,2.102,0.2212,2.107666667,0,0,0,0,0,Remdesivir,Favipiravir,EIDD-1931,Ribavirin,99.6996148
a12,2.1,0.2212,2.107666667,0,0,0,0,0,Remdesivir,Favipiravir,EIDD-1931,Ribavirin,99.59359649
b1,0.245,0.2212,2.107666667,0,1,0,0,0,Remdesivir,Favipiravir,EIDD-1931,Ribavirin,1.261617839
b2,0.224,0.2212,2.107666667,0,2,0,0,0,Remdesivir,Favipiravir,EIDD-1931,Ribavirin,0.148425628
b3,0.249,0.2212,2.107666667,0,4,0,0,0,Remdesivir,Favipiravir,EIDD-1931,Ribavirin,1.473654451
b4,0.263,0.2212,2.107666667,0,8,0,0,0,Remdesivir,Favipiravir,EIDD-1931,Ribavirin,2.215782592
b5,0.248,0.2212,2.107666667,0,16,0,0,0,Remdesivir,Favipiravir,EIDD-1931,Ribavirin,1.420645298
b6,0.283,0.2212,2.107666667,0,32,0,0,0,Remdesivir,Favipiravir,EIDD-1931,Ribavirin,3.27596565
b7,0.933,0.2212,2.107666667,0,64,0,0,0,Remdesivir,Favipiravir,EIDD-1931,Ribavirin,37.73191504
b8,1.831,0.2212,2.107666667,0,128,0,0,0,Remdesivir,Favipiravir,EIDD-1931,Ribavirin,85.33413436
b9,0.217,0.2212,2.107666667,0,0,0,0,0,Remdesivir,Favipiravir,EIDD-1931,Ribavirin,-0.222638442
b10,0.253,0.2212,2.107666667,0,0,0,0,0,Remdesivir,Favipiravir,EIDD-1931,Ribavirin,1.685691063
b11,2.161,0.2212,2.107666667,0,0,0,0,0,Remdesivir,Favipiravir,EIDD-1931,Ribavirin,102.8271548
b12,1.903,0.2212,2.107666667,0,0,0,0,0,Remdesivir,Favipiravir,EIDD-1931,Ribavirin,89.15079337
c1,0.224,0.2212,2.107666667,0,0,0,0.25,0,Remdesivir,Favipiravir,EIDD-1931,Ribavirin,0.148425628
c2,0.24,0.2212,2.107666667,0,0,0,0.5,0,Remdesivir,Favipiravir,EIDD-1931,Ribavirin,0.996572075
c3,0.225,0.2212,2.107666667,0,0,0,1,0,Remdesivir,Favipiravir,EIDD-1931,Ribavirin,0.201434781
c4,0.242,0.2212,2.107666667,0,0,0,2,0,Remdesivir,Favipiravir,EIDD-1931,Ribavirin,1.102590381
c5,0.41,0.2212,2.107666667,0,0,0,4,0,Remdesivir,Favipiravir,EIDD-1931,Ribavirin,10.00812807
c6,1.681,0.2212,2.107666667,0,0,0,8,0,Remdesivir,Favipiravir,EIDD-1931,Ribavirin,77.38276142
c7,2.05,0.2212,2.107666667,0,0,0,16,0,Remdesivir,Favipiravir,EIDD-1931,Ribavirin,96.94313885
c8,1.738,0.2212,2.107666667,0,0,0,32,0,Remdesivir,Favipiravir,EIDD-1931,Ribavirin,80.40428314
c9,0.214,0.2212,2.107666667,0,0,0,0,0,Remdesivir,Favipiravir,EIDD-1931,Ribavirin,-0.381665901
c10,0.224,0.2212,2.107666667,0,0,0,0,0,Remdesivir,Favipiravir,EIDD-1931,Ribavirin,0.148425628
c11,2.121,0.2212,2.107666667,0,0,0,0,0,Remdesivir,Favipiravir,EIDD-1931,Ribavirin,100.7067887
c12,1.938,0.2212,2.107666667,0,0,0,0,0,Remdesivir,Favipiravir,EIDD-1931,Ribavirin,91.00611372
d1,0.228,0.2212,2.107666667,0.125,1,0,0,0,Remdesivir,Favipiravir,EIDD-1931,Ribavirin,0.36046224
d2,0.293,0.2212,2.107666667,0.5,1,0,0,0,Remdesivir,Favipiravir,EIDD-1931,Ribavirin,3.806057179
d3,2.12,0.2212,2.107666667,2,1,0,0,0,Remdesivir,Favipiravir,EIDD-1931,Ribavirin,100.6537796
d4,2.134,0.2212,2.107666667,4,1,0,0,0,Remdesivir,Favipiravir,EIDD-1931,Ribavirin,101.3959077
d5,0.238,0.2212,2.107666667,0.125,0,0,0.25,0,Remdesivir,Favipiravir,EIDD-1931,Ribavirin,0.890553769
d6,0.234,0.2212,2.107666667,0.5,0,0,0.25,0,Remdesivir,Favipiravir,EIDD-1931,Ribavirin,0.678517157
d7,2.199,0.2212,2.107666667,2,0,0,0.25,0,Remdesivir,Favipiravir,EIDD-1931,Ribavirin,104.8415026
d8,2.162,0.2212,2.107666667,4,0,0,0.25,0,Remdesivir,Favipiravir,EIDD-1931,Ribavirin,102.880164
d9,0.192,0.2212,2.107666667,0,1,0,0.25,0,Remdesivir,Favipiravir,EIDD-1931,Ribavirin,-1.547867265
d10,0.229,0.2212,2.107666667,0,8,0,0.25,0,Remdesivir,Favipiravir,EIDD-1931,Ribavirin,0.413471393
d11,0.221,0.2212,2.107666667,0,16,0,0.25,0,Remdesivir,Favipiravir,EIDD-1931,Ribavirin,-0.010601831
d12,0.728,0.2212,2.107666667,0,64,0,0.25,0,Remdesivir,Favipiravir,EIDD-1931,Ribavirin,26.8650387
e1,0.266,0.2212,2.107666667,0.125,4,0,0,0,Remdesivir,Favipiravir,EIDD-1931,Ribavirin,2.374810051
e2,0.358,0.2212,2.107666667,0.5,4,0,0,0,Remdesivir,Favipiravir,EIDD-1931,Ribavirin,7.251652119
e3,2.067,0.2212,2.107666667,2,4,0,0,0,Remdesivir,Favipiravir,EIDD-1931,Ribavirin,97.84429445
e4,2.084,0.2212,2.107666667,4,4,0,0,0,Remdesivir,Favipiravir,EIDD-1931,Ribavirin,98.74545005
e5,0.232,0.2212,2.107666667,0.125,0,0,1,0,Remdesivir,Favipiravir,EIDD-1931,Ribavirin,0.572498851
e6,0.257,0.2212,2.107666667,0.5,0,0,1,0,Remdesivir,Favipiravir,EIDD-1931,Ribavirin,1.897727674
e7,2.24,0.2212,2.107666667,2,0,0,1,0,Remdesivir,Favipiravir,EIDD-1931,Ribavirin,107.0148779
e8,2.128,0.2212,2.107666667,4,0,0,1,0,Remdesivir,Favipiravir,EIDD-1931,Ribavirin,101.0778528
e9,0.192,0.2212,2.107666667,0,1,0,1,0,Remdesivir,Favipiravir,EIDD-1931,Ribavirin,-1.547867265
e10,0.2,0.2212,2.107666667,0,8,0,1,0,Remdesivir,Favipiravir,EIDD-1931,Ribavirin,-1.123794042
e11,0.214,0.2212,2.107666667,0,16,0,1,0,Remdesivir,Favipiravir,EIDD-1931,Ribavirin,-0.381665901
e12,0.256,0.2212,2.107666667,0,64,0,1,0,Remdesivir,Favipiravir,EIDD-1931,Ribavirin,1.844718521
f1,0.269,0.2212,2.107666667,0.125,16,0,0,0,Remdesivir,Favipiravir,EIDD-1931,Ribavirin,2.533837509
f2,0.444,0.2212,2.107666667,0.5,16,0,0,0,Remdesivir,Favipiravir,EIDD-1931,Ribavirin,11.81043927
f3,2.106,0.2212,2.107666667,2,16,0,0,0,Remdesivir,Favipiravir,EIDD-1931,Ribavirin,99.91165141
f4,2.166,0.2212,2.107666667,4,16,0,0,0,Remdesivir,Favipiravir,EIDD-1931,Ribavirin,103.0922006
f5,0.522,0.2212,2.107666667,0.125,0,0,4,0,Remdesivir,Favipiravir,EIDD-1931,Ribavirin,15.9451532
f6,1.032,0.2212,2.107666667,0.5,0,0,4,0,Remdesivir,Favipiravir,EIDD-1931,Ribavirin,42.97982118
f7,2.173,0.2212,2.107666667,2,0,0,4,0,Remdesivir,Favipiravir,EIDD-1931,Ribavirin,103.4632647
f8,2.121,0.2212,2.107666667,4,0,0,4,0,Remdesivir,Favipiravir,EIDD-1931,Ribavirin,100.7067887
f9,0.409,0.2212,2.107666667,0,1,0,4,0,Remdesivir,Favipiravir,EIDD-1931,Ribavirin,9.955118917
f10,0.505,0.2212,2.107666667,0,8,0,4,0,Remdesivir,Favipiravir,EIDD-1931,Ribavirin,15.0439976
f11,0.543,0.2212,2.107666667,0,16,0,4,0,Remdesivir,Favipiravir,EIDD-1931,Ribavirin,17.05834541
f12,1.119,0.2212,2.107666667,0,64,0,4,0,Remdesivir,Favipiravir,EIDD-1931,Ribavirin,47.59161749
g1,0.92,0.2212,2.107666667,0.125,64,0,0,0,Remdesivir,Favipiravir,EIDD-1931,Ribavirin,37.04279606
g2,1.62,0.2212,2.107666667,0.5,64,0,0,0,Remdesivir,Favipiravir,EIDD-1931,Ribavirin,74.1492031
g3,1.944,0.2212,2.107666667,2,64,0,0,0,Remdesivir,Favipiravir,EIDD-1931,Ribavirin,91.32416864
g4,1.921,0.2212,2.107666667,4,64,0,0,0,Remdesivir,Favipiravir,EIDD-1931,Ribavirin,90.10495812
g5,1.831,0.2212,2.107666667,0.125,0,0,8,0,Remdesivir,Favipiravir,EIDD-1931,Ribavirin,85.33413436
g6,2.166,0.2212,2.107666667,0.5,0,0,8,0,Remdesivir,Favipiravir,EIDD-1931,Ribavirin,103.0922006
g7,2.017,0.2212,2.107666667,2,0,0,8,0,Remdesivir,Favipiravir,EIDD-1931,Ribavirin,95.1938368
g8,1.946,0.2212,2.107666667,4,0,0,8,0,Remdesivir,Favipiravir,EIDD-1931,Ribavirin,91.43018695
g9,1.727,0.2212,2.107666667,0,1,0,8,0,Remdesivir,Favipiravir,EIDD-1931,Ribavirin,79.82118246
g10,1.889,0.2212,2.107666667,0,8,0,8,0,Remdesivir,Favipiravir,EIDD-1931,Ribavirin,88.40866523
g11,1.938,0.2212,2.107666667,0,16,0,8,0,Remdesivir,Favipiravir,EIDD-1931,Ribavirin,91.00611372
g12,1.862,0.2212,2.107666667,0,64,0,8,0,Remdesivir,Favipiravir,EIDD-1931,Ribavirin,86.9774181
h1,0.256,0.2212,2.107666667,0,0,0,0,0.02,Remdesivir,Favipiravir,EIDD-1931,Ribavirin,1.844718521
h2,0.241,0.2212,2.107666667,0,0,0,0,0.04,Remdesivir,Favipiravir,EIDD-1931,Ribavirin,1.049581228
h3,0.248,0.2212,2.107666667,0,0,0,0,0.08,Remdesivir,Favipiravir,EIDD-1931,Ribavirin,1.420645298
h4,0.268,0.2212,2.107666667,0,0,0,0,0.2,Remdesivir,Favipiravir,EIDD-1931,Ribavirin,2.480828356
h5,0.23,0.2212,2.107666667,0,0,0,0,0.3,Remdesivir,Favipiravir,EIDD-1931,Ribavirin,0.466480546
h6,0.252,0.2212,2.107666667,0,0,0,0,0.6,Remdesivir,Favipiravir,EIDD-1931,Ribavirin,1.63268191
h7,0.274,0.2212,2.107666667,0,0,0,0,1.3,Remdesivir,Favipiravir,EIDD-1931,Ribavirin,2.798883274
h8,0.23,0.2212,2.107666667,0,0,0,0,2.6,Remdesivir,Favipiravir,EIDD-1931,Ribavirin,0.466480546
h9,0.409,0.2212,2.107666667,0,0,0,0,5.1,Remdesivir,Favipiravir,EIDD-1931,Ribavirin,9.955118917
h10,0.435,0.2212,2.107666667,0,0,0,0,25,Remdesivir,Favipiravir,EIDD-1931,Ribavirin,11.33335689
h11,0.425,0.2212,2.107666667,0,0,0,0,25,Remdesivir,Favipiravir,EIDD-1931,Ribavirin,10.80326536
h12,0.408,0.2212,2.107666667,0,0,0,0,0,Remdesivir,Favipiravir,EIDD-1931,Ribavirin,9.902109764
a1,0.305,0.3102,1.989,0.125,0,0,0,0,Remdesivir,Favipiravir,EIDD-1931,Ribavirin,-0.309745056
a2,0.287,0.3102,1.989,0.25,0,0,0,0,Remdesivir,Favipiravir,EIDD-1931,Ribavirin,-1.381939481
a3,0.315,0.3102,1.989,0.5,0,0,0,0,Remdesivir,Favipiravir,EIDD-1931,Ribavirin,0.285918513
a4,0.299,0.3102,1.989,1,0,0,0,0,Remdesivir,Favipiravir,EIDD-1931,Ribavirin,-0.667143198
a5,1.881,0.3102,1.989,2,0,0,0,0,Remdesivir,Favipiravir,EIDD-1931,Ribavirin,93.56683345
a6,1.917,0.3102,1.989,4,0,0,0,0,Remdesivir,Favipiravir,EIDD-1931,Ribavirin,95.7112223
a7,1.968,0.3102,1.989,8,0,0,0,0,Remdesivir,Favipiravir,EIDD-1931,Ribavirin,98.7491065
a8,1.992,0.3102,1.989,16,0,0,0,0,Remdesivir,Favipiravir,EIDD-1931,Ribavirin,100.1786991
a9,0.304,0.3102,1.989,0,0,0,0,0,Remdesivir,Favipiravir,EIDD-1931,Ribavirin,-0.369311413
a10,0.327,0.3102,1.989,0,0,0,0,0,Remdesivir,Favipiravir,EIDD-1931,Ribavirin,1.000714796
a11,1.98,0.3102,1.989,0,0,0,0,0,Remdesivir,Favipiravir,EIDD-1931,Ribavirin,99.46390279
a12,2.038,0.3102,1.989,0,0,0,0,0,Remdesivir,Favipiravir,EIDD-1931,Ribavirin,102.9187515
b1,0.32,0.3102,1.989,0,1,0,0,0,Remdesivir,Favipiravir,EIDD-1931,Ribavirin,0.583750298
b2,0.31,0.3102,1.989,0,2,0,0,0,Remdesivir,Favipiravir,EIDD-1931,Ribavirin,-0.011913271
b3,0.31,0.3102,1.989,0,4,0,0,0,Remdesivir,Favipiravir,EIDD-1931,Ribavirin,-0.011913271
b4,0.316,0.3102,1.989,0,8,0,0,0,Remdesivir,Favipiravir,EIDD-1931,Ribavirin,0.34548487
b5,0.364,0.3102,1.989,0,16,0,0,0,Remdesivir,Favipiravir,EIDD-1931,Ribavirin,3.204670002
b6,0.435,0.3102,1.989,0,32,0,0,0,Remdesivir,Favipiravir,EIDD-1931,Ribavirin,7.433881344
b7,0.937,0.3102,1.989,0,64,0,0,0,Remdesivir,Favipiravir,EIDD-1931,Ribavirin,37.33619252
b8,1.558,0.3102,1.989,0,128,0,0,0,Remdesivir,Favipiravir,EIDD-1931,Ribavirin,74.32690017
b9,0.297,0.3102,1.989,0,0,0,0,0,Remdesivir,Favipiravir,EIDD-1931,Ribavirin,-0.786275911
b10,0.317,0.3102,1.989,0,0,0,0,0,Remdesivir,Favipiravir,EIDD-1931,Ribavirin,0.405051227
b11,1.974,0.3102,1.989,0,0,0,0,0,Remdesivir,Favipiravir,EIDD-1931,Ribavirin,99.10650465
b12,1.983,0.3102,1.989,0,0,0,0,0,Remdesivir,Favipiravir,EIDD-1931,Ribavirin,99.64260186
c1,0.303,0.3102,1.989,0,0,0.0625,0,0,Remdesivir,Favipiravir,EIDD-1931,Ribavirin,-0.42887777
c2,0.313,0.3102,1.989,0,0,0.125,0,0,Remdesivir,Favipiravir,EIDD-1931,Ribavirin,0.166785799
c3,0.327,0.3102,1.989,0,0,0.25,0,0,Remdesivir,Favipiravir,EIDD-1931,Ribavirin,1.000714796
c4,0.373,0.3102,1.989,0,0,0.5,0,0,Remdesivir,Favipiravir,EIDD-1931,Ribavirin,3.740767215
c5,0.409,0.3102,1.989,0,0,1,0,0,Remdesivir,Favipiravir,EIDD-1931,Ribavirin,5.885156064
c6,0.433,0.3102,1.989,0,0,2,0,0,Remdesivir,Favipiravir,EIDD-1931,Ribavirin,7.31474863
c7,0.439,0.3102,1.989,0,0,4,0,0,Remdesivir,Favipiravir,EIDD-1931,Ribavirin,7.672146772
c8,0.34,0.3102,1.989,0,0,8,0,0,Remdesivir,Favipiravir,EIDD-1931,Ribavirin,1.775077436
c9,0.272,0.3102,1.989,0,0,0,0,0,Remdesivir,Favipiravir,EIDD-1931,Ribavirin,-2.275434834
c10,0.269,0.3102,1.989,0,0,0,0,0,Remdesivir,Favipiravir,EIDD-1931,Ribavirin,-2.454133905
c11,2.001,0.3102,1.989,0,0,0,0,0,Remdesivir,Favipiravir,EIDD-1931,Ribavirin,100.7147963
c12,1.992,0.3102,1.989,0,0,0,0,0,Remdesivir,Favipiravir,EIDD-1931,Ribavirin,100.1786991
d1,0.278,0.3102,1.989,0,0,0,0.25,0,Remdesivir,Favipiravir,EIDD-1931,Ribavirin,-1.918036693
d2,0.276,0.3102,1.989,0,0,0,0.5,0,Remdesivir,Favipiravir,EIDD-1931,Ribavirin,-2.037169407
d3,0.263,0.3102,1.989,0,0,0,1,0,Remdesivir,Favipiravir,EIDD-1931,Ribavirin,-2.811532047
d4,0.32,0.3102,1.989,0,0,0,2,0,Remdesivir,Favipiravir,EIDD-1931,Ribavirin,0.583750298
d5,0.562,0.3102,1.989,0,0,0,4,0,Remdesivir,Favipiravir,EIDD-1931,Ribavirin,14.99880867
d6,1.928,0.3102,1.989,0,0,0,8,0,Remdesivir,Favipiravir,EIDD-1931,Ribavirin,96.36645223
d7,1.794,0.3102,1.989,0,0,0,16,0,Remdesivir,Favipiravir,EIDD-1931,Ribavirin,88.3845604
d8,1.147,0.3102,1.989,0,0,0,32,0,Remdesivir,Favipiravir,EIDD-1931,Ribavirin,49.84512747
d9,0.315,0.3102,1.989,0,0,0,0,0,Remdesivir,Favipiravir,EIDD-1931,Ribavirin,0.285918513
d10,0.318,0.3102,1.989,0,0,0,0,0,Remdesivir,Favipiravir,EIDD-1931,Ribavirin,0.464617584
d11,2.036,0.3102,1.989,0,0,0,0,0,Remdesivir,Favipiravir,EIDD-1931,Ribavirin,102.7996188
d12,2.033,0.3102,1.989,0,0,0,0,0,Remdesivir,Favipiravir,EIDD-1931,Ribavirin,102.6209197
e1,0.326,0.3102,1.989,0.125,0,0.125,0,0,Remdesivir,Favipiravir,EIDD-1931,Ribavirin,0.941148439
e2,0.303,0.3102,1.989,0.5,0,0.125,0,0,Remdesivir,Favipiravir,EIDD-1931,Ribavirin,-0.42887777
e3,1.967,0.3102,1.989,2,0,0.125,0,0,Remdesivir,Favipiravir,EIDD-1931,Ribavirin,98.68954015
e4,1.898,0.3102,1.989,4,0,0.125,0,0,Remdesivir,Favipiravir,EIDD-1931,Ribavirin,94.57946152
e5,0.357,0.3102,1.989,0,1,0.125,0,0,Remdesivir,Favipiravir,EIDD-1931,Ribavirin,2.787705504
e6,0.38,0.3102,1.989,0,8,0.125,0,0,Remdesivir,Favipiravir,EIDD-1931,Ribavirin,4.157731713
e7,0.378,0.3102,1.989,0,16,0.125,0,0,Remdesivir,Favipiravir,EIDD-1931,Ribavirin,4.038598999
e8,0.936,0.3102,1.989,0,64,0.125,0,0,Remdesivir,Favipiravir,EIDD-1931,Ribavirin,37.27662616
e9,0.336,0.3102,1.989,0,0,0.125,0.25,0,Remdesivir,Favipiravir,EIDD-1931,Ribavirin,1.536812009
e10,0.295,0.3102,1.989,0,0,0.125,1,0,Remdesivir,Favipiravir,EIDD-1931,Ribavirin,-0.905408625
e11,0.693,0.3102,1.989,0,0,0.125,4,0,Remdesivir,Favipiravir,EIDD-1931,Ribavirin,22.80200143
e12,1.807,0.3102,1.989,0,0,0.125,8,0,Remdesivir,Favipiravir,EIDD-1931,Ribavirin,89.15892304
f1,0.386,0.3102,1.989,0.125,0,0.5,0,0,Remdesivir,Favipiravir,EIDD-1931,Ribavirin,4.515129855
f2,0.405,0.3102,1.989,0.5,0,0.5,0,0,Remdesivir,Favipiravir,EIDD-1931,Ribavirin,5.646890636
f3,2.053,0.3102,1.989,2,0,0.5,0,0,Remdesivir,Favipiravir,EIDD-1931,Ribavirin,103.8122468
f4,2.078,0.3102,1.989,4,0,0.5,0,0,Remdesivir,Favipiravir,EIDD-1931,Ribavirin,105.3014058
f5,0.372,0.3102,1.989,0,1,0.5,0,0,Remdesivir,Favipiravir,EIDD-1931,Ribavirin,3.681200858
f6,0.371,0.3102,1.989,0,8,0.5,0,0,Remdesivir,Favipiravir,EIDD-1931,Ribavirin,3.621634501
f7,0.414,0.3102,1.989,0,16,0.5,0,0,Remdesivir,Favipiravir,EIDD-1931,Ribavirin,6.182987848
f8,0.858,0.3102,1.989,0,64,0.5,0,0,Remdesivir,Favipiravir,EIDD-1931,Ribavirin,32.63045032
f9,0.342,0.3102,1.989,0,0,0.5,0.25,0,Remdesivir,Favipiravir,EIDD-1931,Ribavirin,1.89421015
f10,0.34,0.3102,1.989,0,0,0.5,1,0,Remdesivir,Favipiravir,EIDD-1931,Ribavirin,1.775077436
f11,0.916,0.3102,1.989,0,0,0.5,4,0,Remdesivir,Favipiravir,EIDD-1931,Ribavirin,36.08529902
f12,1.904,0.3102,1.989,0,0,0.5,8,0,Remdesivir,Favipiravir,EIDD-1931,Ribavirin,94.93685966
g1,0.514,0.3102,1.989,0.125,0,1,0,0,Remdesivir,Favipiravir,EIDD-1931,Ribavirin,12.13962354
g2,0.596,0.3102,1.989,0.5,0,1,0,0,Remdesivir,Favipiravir,EIDD-1931,Ribavirin,17.02406481
g3,2.05,0.3102,1.989,2,0,1,0,0,Remdesivir,Favipiravir,EIDD-1931,Ribavirin,103.6335478
g4,2.037,0.3102,1.989,4,0,1,0,0,Remdesivir,Favipiravir,EIDD-1931,Ribavirin,102.8591851
g5,0.472,0.3102,1.989,0,1,1,0,0,Remdesivir,Favipiravir,EIDD-1931,Ribavirin,9.63783655
g6,0.49,0.3102,1.989,0,8,1,0,0,Remdesivir,Favipiravir,EIDD-1931,Ribavirin,10.71003097
g7,0.508,0.3102,1.989,0,16,1,0,0,Remdesivir,Favipiravir,EIDD-1931,Ribavirin,11.7822254
g8,1.072,0.3102,1.989,0,64,1,0,0,Remdesivir,Favipiravir,EIDD-1931,Ribavirin,45.3776507
g9,0.43,0.3102,1.989,0,0,1,0.25,0,Remdesivir,Favipiravir,EIDD-1931,Ribavirin,7.136049559
g10,0.365,0.3102,1.989,0,0,1,1,0,Remdesivir,Favipiravir,EIDD-1931,Ribavirin,3.264236359
g11,0.996,0.3102,1.989,0,0,1,4,0,Remdesivir,Favipiravir,EIDD-1931,Ribavirin,40.85060758
g12,1.979,0.3102,1.989,0,0,1,8,0,Remdesivir,Favipiravir,EIDD-1931,Ribavirin,99.40433643
h1,0.614,0.3102,1.989,0.125,0,2,0,0,Remdesivir,Favipiravir,EIDD-1931,Ribavirin,18.09625923
h2,0.793,0.3102,1.989,0.5,0,2,0,0,Remdesivir,Favipiravir,EIDD-1931,Ribavirin,28.75863712
h3,1.442,0.3102,1.989,2,0,2,0,0,Remdesivir,Favipiravir,EIDD-1931,Ribavirin,67.41720276
h4,1.461,0.3102,1.989,4,0,2,0,0,Remdesivir,Favipiravir,EIDD-1931,Ribavirin,68.54896355
h5,0.472,0.3102,1.989,0,1,2,0,0,Remdesivir,Favipiravir,EIDD-1931,Ribavirin,9.63783655
h6,0.471,0.3102,1.989,0,8,2,0,0,Remdesivir,Favipiravir,EIDD-1931,Ribavirin,9.578270193
h7,0.647,0.3102,1.989,0,16,2,0,0,Remdesivir,Favipiravir,EIDD-1931,Ribavirin,20.06194901
h8,1.086,0.3102,1.989,0,64,2,0,0,Remdesivir,Favipiravir,EIDD-1931,Ribavirin,46.2115797
h9,0.448,0.3102,1.989,0,0,2,0.25,0,Remdesivir,Favipiravir,EIDD-1931,Ribavirin,8.208243984
h10,0.489,0.3102,1.989,0,0,2,1,0,Remdesivir,Favipiravir,EIDD-1931,Ribavirin,10.65046462
h11,1.121,0.3102,1.989,0,0,2,4,0,Remdesivir,Favipiravir,EIDD-1931,Ribavirin,48.29640219
h12,1.94,0.3102,1.989,0,0,2,8,0,Remdesivir,Favipiravir,EIDD-1931,Ribavirin,97.08124851
a1,0.305,0.2804,1.941,0.125,0,0,0,0,Remdesivir,Favipiravir,EIDD-1931,Ribavirin,1.481392268
a2,0.277,0.2804,1.941,0.25,0,0,0,0,Remdesivir,Favipiravir,EIDD-1931,Ribavirin,-0.204745273
a3,0.258,0.2804,1.941,0.5,0,0,0,0,Remdesivir,Favipiravir,EIDD-1931,Ribavirin,-1.348910033
a4,0.275,0.2804,1.941,1,0,0,0,0,Remdesivir,Favipiravir,EIDD-1931,Ribavirin,-0.325183669
a5,1.758,0.2804,1.941,2,0,0,0,0,Remdesivir,Favipiravir,EIDD-1931,Ribavirin,88.97988679
a6,1.899,0.2804,1.941,4,0,0,0,0,Remdesivir,Favipiravir,EIDD-1931,Ribavirin,97.47079369
a7,1.876,0.2804,1.941,8,0,0,0,0,Remdesivir,Favipiravir,EIDD-1931,Ribavirin,96.08575214
a8,1.896,0.2804,1.941,16,0,0,0,0,Remdesivir,Favipiravir,EIDD-1931,Ribavirin,97.2901361
a9,0.283,0.2804,1.941,0,0,0,0,0,Remdesivir,Favipiravir,EIDD-1931,Ribavirin,0.156569914
a10,0.282,0.2804,1.941,0,0,0,0,0,Remdesivir,Favipiravir,EIDD-1931,Ribavirin,0.096350717
a11,1.96,0.2804,1.941,0,0,0,0,0,Remdesivir,Favipiravir,EIDD-1931,Ribavirin,101.1441648
a12,1.949,0.2804,1.941,0,0,0,0,0,Remdesivir,Favipiravir,EIDD-1931,Ribavirin,100.4817536
b1,0.284,0.2804,1.941,0,1,0,0,0,Remdesivir,Favipiravir,EIDD-1931,Ribavirin,0.216789112
b2,0.302,0.2804,1.941,0,2,0,0,0,Remdesivir,Favipiravir,EIDD-1931,Ribavirin,1.300734674
b3,0.272,0.2804,1.941,0,4,0,0,0,Remdesivir,Favipiravir,EIDD-1931,Ribavirin,-0.505841262
b4,0.292,0.2804,1.941,0,8,0,0,0,Remdesivir,Favipiravir,EIDD-1931,Ribavirin,0.698542695
b5,0.307,0.2804,1.941,0,16,0,0,0,Remdesivir,Favipiravir,EIDD-1931,Ribavirin,1.601830664
b6,0.417,0.2804,1.941,0,32,0,0,0,Remdesivir,Favipiravir,EIDD-1931,Ribavirin,8.22594243
b7,0.724,0.2804,1.941,0,64,0,0,0,Remdesivir,Favipiravir,EIDD-1931,Ribavirin,26.71323618
b8,1.515,0.2804,1.941,0,128,0,0,0,Remdesivir,Favipiravir,EIDD-1931,Ribavirin,74.3466217
b9,0.284,0.2804,1.941,0,0,0,0,0,Remdesivir,Favipiravir,EIDD-1931,Ribavirin,0.216789112
b10,0.275,0.2804,1.941,0,0,0,0,0,Remdesivir,Favipiravir,EIDD-1931,Ribavirin,-0.325183669
b11,1.877,0.2804,1.941,0,0,0,0,0,Remdesivir,Favipiravir,EIDD-1931,Ribavirin,96.14597134
b12,1.967,0.2804,1.941,0,0,0,0,0,Remdesivir,Favipiravir,EIDD-1931,Ribavirin,101.5656991
c1,0.286,0.2804,1.941,0,0,0.0625,0,0,Remdesivir,Favipiravir,EIDD-1931,Ribavirin,0.337227508
c2,0.296,0.2804,1.941,0,0,0.125,0,0,Remdesivir,Favipiravir,EIDD-1931,Ribavirin,0.939419487
c3,0.35,0.2804,1.941,0,0,0.25,0,0,Remdesivir,Favipiravir,EIDD-1931,Ribavirin,4.191256172
c4,0.335,0.2804,1.941,0,0,0.5,0,0,Remdesivir,Favipiravir,EIDD-1931,Ribavirin,3.287968204
c5,0.436,0.2804,1.941,0,0,1,0,0,Remdesivir,Favipiravir,EIDD-1931,Ribavirin,9.37010719
c6,0.447,0.2804,1.941,0,0,2,0,0,Remdesivir,Favipiravir,EIDD-1931,Ribavirin,10.03251837
c7,0.437,0.2804,1.941,0,0,4,0,0,Remdesivir,Favipiravir,EIDD-1931,Ribavirin,9.430326388
c8,0.308,0.2804,1.941,0,0,8,0,0,Remdesivir,Favipiravir,EIDD-1931,Ribavirin,1.662049861
c9,0.256,0.2804,1.941,0,0,0,0,0,Remdesivir,Favipiravir,EIDD-1931,Ribavirin,-1.469348428
c10,0.262,0.2804,1.941,0,0,0,0,0,Remdesivir,Favipiravir,EIDD-1931,Ribavirin,-1.108033241
c11,1.897,0.2804,1.941,0,0,0,0,0,Remdesivir,Favipiravir,EIDD-1931,Ribavirin,97.35035529
c12,1.982,0.2804,1.941,0,0,0,0,0,Remdesivir,Favipiravir,EIDD-1931,Ribavirin,102.4689871
d1,0.26,0.2804,1.941,0,0,0,0.25,0,Remdesivir,Favipiravir,EIDD-1931,Ribavirin,-1.228471637
d2,0.258,0.2804,1.941,0,0,0,0.5,0,Remdesivir,Favipiravir,EIDD-1931,Ribavirin,-1.348910033
d3,0.243,0.2804,1.941,0,0,0,1,0,Remdesivir,Favipiravir,EIDD-1931,Ribavirin,-2.252198001
d4,0.242,0.2804,1.941,0,0,0,2,0,Remdesivir,Favipiravir,EIDD-1931,Ribavirin,-2.312417199
d5,0.454,0.2804,1.941,0,0,0,4,0,Remdesivir,Favipiravir,EIDD-1931,Ribavirin,10.45405275
d6,1.851,0.2804,1.941,0,0,0,8,0,Remdesivir,Favipiravir,EIDD-1931,Ribavirin,94.58027219
d7,1.785,0.2804,1.941,0,0,0,16,0,Remdesivir,Favipiravir,EIDD-1931,Ribavirin,90.60580513
d8,1.193,0.2804,1.941,0,0,0,32,0,Remdesivir,Favipiravir,EIDD-1931,Ribavirin,54.95603999
d9,0.278,0.2804,1.941,0,0,0,0,0,Remdesivir,Favipiravir,EIDD-1931,Ribavirin,-0.144526075
d10,0.3,0.2804,1.941,0,0,0,0,0,Remdesivir,Favipiravir,EIDD-1931,Ribavirin,1.180296278
d11,1.893,0.2804,1.941,0,0,0,0,0,Remdesivir,Favipiravir,EIDD-1931,Ribavirin,97.1094785
d12,1.932,0.2804,1.941,0,0,0,0,0,Remdesivir,Favipiravir,EIDD-1931,Ribavirin,99.45802722
e1,0.286,0.2804,1.941,0.125,0,0.125,0,0,Remdesivir,Favipiravir,EIDD-1931,Ribavirin,0.337227508
e2,0.291,0.2804,1.941,0.5,0,0.125,0,0,Remdesivir,Favipiravir,EIDD-1931,Ribavirin,0.638323498
e3,1.914,0.2804,1.941,2,0,0.125,0,0,Remdesivir,Favipiravir,EIDD-1931,Ribavirin,98.37408166
e4,1.908,0.2804,1.941,4,0,0.125,0,0,Remdesivir,Favipiravir,EIDD-1931,Ribavirin,98.01276647
e5,0.29,0.2804,1.941,0,1,0.125,0,0,Remdesivir,Favipiravir,EIDD-1931,Ribavirin,0.5781043
e6,0.308,0.2804,1.941,0,8,0.125,0,0,Remdesivir,Favipiravir,EIDD-1931,Ribavirin,1.662049861
e7,0.333,0.2804,1.941,0,16,0.125,0,0,Remdesivir,Favipiravir,EIDD-1931,Ribavirin,3.167529809
e8,0.812,0.2804,1.941,0,64,0.125,0,0,Remdesivir,Favipiravir,EIDD-1931,Ribavirin,32.01252559
e9,0.303,0.2804,1.941,0,0,0.125,0.25,0,Remdesivir,Favipiravir,EIDD-1931,Ribavirin,1.360953872
e10,0.27,0.2804,1.941,0,0,0.125,1,0,Remdesivir,Favipiravir,EIDD-1931,Ribavirin,-0.626279658
e11,0.562,0.2804,1.941,0,0,0.125,4,0,Remdesivir,Favipiravir,EIDD-1931,Ribavirin,16.95772612
e12,1.69,0.2804,1.941,0,0,0.125,8,0,Remdesivir,Favipiravir,EIDD-1931,Ribavirin,84.88498133
f1,0.325,0.2804,1.941,0.125,0,0.5,0,0,Remdesivir,Favipiravir,EIDD-1931,Ribavirin,2.685776225
f2,0.383,0.2804,1.941,0.5,0,0.5,0,0,Remdesivir,Favipiravir,EIDD-1931,Ribavirin,6.178489703
f3,2.002,0.2804,1.941,2,0,0.5,0,0,Remdesivir,Favipiravir,EIDD-1931,Ribavirin,103.6733711
f4,2.014,0.2804,1.941,4,0,0.5,0,0,Remdesivir,Favipiravir,EIDD-1931,Ribavirin,104.3960014
f5,0.358,0.2804,1.941,0,1,0.5,0,0,Remdesivir,Favipiravir,EIDD-1931,Ribavirin,4.673009756
f6,0.367,0.2804,1.941,0,8,0.5,0,0,Remdesivir,Favipiravir,EIDD-1931,Ribavirin,5.214982536
f7,0.384,0.2804,1.941,0,16,0.5,0,0,Remdesivir,Favipiravir,EIDD-1931,Ribavirin,6.2387089
f8,0.848,0.2804,1.941,0,64,0.5,0,0,Remdesivir,Favipiravir,EIDD-1931,Ribavirin,34.18041672
f9,0.347,0.2804,1.941,0,0,0.5,0.25,0,Remdesivir,Favipiravir,EIDD-1931,Ribavirin,4.010598579
f10,0.327,0.2804,1.941,0,0,0.5,1,0,Remdesivir,Favipiravir,EIDD-1931,Ribavirin,2.806214621
f11,0.77,0.2804,1.941,0,0,0.5,4,0,Remdesivir,Favipiravir,EIDD-1931,Ribavirin,29.48331928
f12,1.78,0.2804,1.941,0,0,0.5,8,0,Remdesivir,Favipiravir,EIDD-1931,Ribavirin,90.30470914
g1,0.388,0.2804,1.941,0.125,0,1,0,0,Remdesivir,Favipiravir,EIDD-1931,Ribavirin,6.479585692
g2,0.494,0.2804,1.941,0.5,0,1,0,0,Remdesivir,Favipiravir,EIDD-1931,Ribavirin,12.86282067
g3,2.008,0.2804,1.941,2,0,1,0,0,Remdesivir,Favipiravir,EIDD-1931,Ribavirin,104.0346863
g4,2.015,0.2804,1.941,4,0,1,0,0,Remdesivir,Favipiravir,EIDD-1931,Ribavirin,104.4562206
g5,0.427,0.2804,1.941,0,1,1,0,0,Remdesivir,Favipiravir,EIDD-1931,Ribavirin,8.828134409
g6,0.454,0.2804,1.941,0,8,1,0,0,Remdesivir,Favipiravir,EIDD-1931,Ribavirin,10.45405275
g7,0.459,0.2804,1.941,0,16,1,0,0,Remdesivir,Favipiravir,EIDD-1931,Ribavirin,10.75514874
g8,0.958,0.2804,1.941,0,64,1,0,0,Remdesivir,Favipiravir,EIDD-1931,Ribavirin,40.80452848
g9,0.382,0.2804,1.941,0,0,1,0.25,0,Remdesivir,Favipiravir,EIDD-1931,Ribavirin,6.118270505
g10,0.373,0.2804,1.941,0,0,1,1,0,Remdesivir,Favipiravir,EIDD-1931,Ribavirin,5.576297724
g11,0.815,0.2804,1.941,0,0,1,4,0,Remdesivir,Favipiravir,EIDD-1931,Ribavirin,32.19318319
g12,1.823,0.2804,1.941,0,0,1,8,0,Remdesivir,Favipiravir,EIDD-1931,Ribavirin,92.89413465
h1,0.468,0.2804,1.941,0.125,0,2,0,0,Remdesivir,Favipiravir,EIDD-1931,Ribavirin,11.29712152
h2,0.637,0.2804,1.941,0.5,0,2,0,0,Remdesivir,Favipiravir,EIDD-1931,Ribavirin,21.47416596
h3,1.403,0.2804,1.941,2,0,2,0,0,Remdesivir,Favipiravir,EIDD-1931,Ribavirin,67.60207154
h4,1.501,0.2804,1.941,4,0,2,0,0,Remdesivir,Favipiravir,EIDD-1931,Ribavirin,73.50355293
h5,0.419,0.2804,1.941,0,1,2,0,0,Remdesivir,Favipiravir,EIDD-1931,Ribavirin,8.346380826
h6,0.456,0.2804,1.941,0,8,2,0,0,Remdesivir,Favipiravir,EIDD-1931,Ribavirin,10.57449115
h7,0.492,0.2804,1.941,0,16,2,0,0,Remdesivir,Favipiravir,EIDD-1931,Ribavirin,12.74238227
h8,0.907,0.2804,1.941,0,64,2,0,0,Remdesivir,Favipiravir,EIDD-1931,Ribavirin,37.73334939
h9,0.342,0.2804,1.941,0,0,2,0.25,0,Remdesivir,Favipiravir,EIDD-1931,Ribavirin,3.709502589
h10,0.427,0.2804,1.941,0,0,2,1,0,Remdesivir,Favipiravir,EIDD-1931,Ribavirin,8.828134409
h11,0.971,0.2804,1.941,0,0,2,4,0,Remdesivir,Favipiravir,EIDD-1931,Ribavirin,41.58737806
h12,1.823,0.2804,1.941,0,0,2,8,0,Remdesivir,Favipiravir,EIDD-1931,Ribavirin,92.89413465
a1,0.27,0.2734,1.8755,0.125,0,0,0,0,Remdesivir,Favipiravir,EIDD-1931,Ribavirin,-0.212221459
a2,0.272,0.2734,1.8755,0.25,0,0,0,0,Remdesivir,Favipiravir,EIDD-1931,Ribavirin,-0.087385307
a3,0.261,0.2734,1.8755,0.5,0,0,0,0,Remdesivir,Favipiravir,EIDD-1931,Ribavirin,-0.773984146
a4,0.298,0.2734,1.8755,1,0,0,0,0,Remdesivir,Favipiravir,EIDD-1931,Ribavirin,1.535484676
a5,1.762,0.2734,1.8755,2,0,0,0,0,Remdesivir,Favipiravir,EIDD-1931,Ribavirin,92.91554834
a6,1.842,0.2734,1.8755,4,0,0,0,0,Remdesivir,Favipiravir,EIDD-1931,Ribavirin,97.90899444
a7,1.887,0.2734,1.8755,8,0,0,0,0,Remdesivir,Favipiravir,EIDD-1931,Ribavirin,100.7178079
a8,1.898,0.2734,1.8755,16,0,0,0,0,Remdesivir,Favipiravir,EIDD-1931,Ribavirin,101.4044067
a9,0.29,0.2734,1.8755,0,0,0,0,0,Remdesivir,Favipiravir,EIDD-1931,Ribavirin,1.036140066
a10,0.277,0.2734,1.8755,0,0,0,0,0,Remdesivir,Favipiravir,EIDD-1931,Ribavirin,0.224705075
a11,1.987,0.2734,1.8755,0,0,0,0,0,Remdesivir,Favipiravir,EIDD-1931,Ribavirin,106.9596155
a12,1.969,0.2734,1.8755,0,0,0,0,0,Remdesivir,Favipiravir,EIDD-1931,Ribavirin,105.8360901
b1,0.296,0.2734,1.8755,0,1,0,0,0,Remdesivir,Favipiravir,EIDD-1931,Ribavirin,1.410648524
b2,0.279,0.2734,1.8755,0,2,0,0,0,Remdesivir,Favipiravir,EIDD-1931,Ribavirin,0.349541227
b3,0.3,0.2734,1.8755,0,4,0,0,0,Remdesivir,Favipiravir,EIDD-1931,Ribavirin,1.660320829
b4,0.314,0.2734,1.8755,0,8,0,0,0,Remdesivir,Favipiravir,EIDD-1931,Ribavirin,2.534173897
b5,0.307,0.2734,1.8755,0,16,0,0,0,Remdesivir,Favipiravir,EIDD-1931,Ribavirin,2.097247363
b6,0.377,0.2734,1.8755,0,32,0,0,0,Remdesivir,Favipiravir,EIDD-1931,Ribavirin,6.466512702
b7,0.772,0.2734,1.8755,0,64,0,0,0,Remdesivir,Favipiravir,EIDD-1931,Ribavirin,31.12165283
b8,1.519,0.2734,1.8755,0,128,0,0,0,Remdesivir,Favipiravir,EIDD-1931,Ribavirin,77.74795581
b9,0.28,0.2734,1.8755,0,0,0,0,0,Remdesivir,Favipiravir,EIDD-1931,Ribavirin,0.411959303
b10,0.27,0.2734,1.8755,0,0,0,0,0,Remdesivir,Favipiravir,EIDD-1931,Ribavirin,-0.212221459
b11,1.888,0.2734,1.8755,0,0,0,0,0,Remdesivir,Favipiravir,EIDD-1931,Ribavirin,100.780226
b12,1.853,0.2734,1.8755,0,0,0,0,0,Remdesivir,Favipiravir,EIDD-1931,Ribavirin,98.59559328
c1,0.302,0.2734,1.8755,0,0,0.0625,0,0,Remdesivir,Favipiravir,EIDD-1931,Ribavirin,1.785156981
c2,0.3,0.2734,1.8755,0,0,0.125,0,0,Remdesivir,Favipiravir,EIDD-1931,Ribavirin,1.660320829
c3,0.323,0.2734,1.8755,0,0,0.25,0,0,Remdesivir,Favipiravir,EIDD-1931,Ribavirin,3.095936583
c4,0.338,0.2734,1.8755,0,0,0.5,0,0,Remdesivir,Favipiravir,EIDD-1931,Ribavirin,4.032207727
c5,0.386,0.2734,1.8755,0,0,1,0,0,Remdesivir,Favipiravir,EIDD-1931,Ribavirin,7.028275389
c6,0.414,0.2734,1.8755,0,0,2,0,0,Remdesivir,Favipiravir,EIDD-1931,Ribavirin,8.775981524
c7,0.432,0.2734,1.8755,0,0,4,0,0,Remdesivir,Favipiravir,EIDD-1931,Ribavirin,9.899506897
c8,0.325,0.2734,1.8755,0,0,8,0,0,Remdesivir,Favipiravir,EIDD-1931,Ribavirin,3.220772736
c9,0.27,0.2734,1.8755,0,0,0,0,0,Remdesivir,Favipiravir,EIDD-1931,Ribavirin,-0.212221459
c10,0.289,0.2734,1.8755,0,0,0,0,0,Remdesivir,Favipiravir,EIDD-1931,Ribavirin,0.97372199
c11,1.87,0.2734,1.8755,0,0,0,0,0,Remdesivir,Favipiravir,EIDD-1931,Ribavirin,99.65670058
c12,1.93,0.2734,1.8755,0,0,0,0,0,Remdesivir,Favipiravir,EIDD-1931,Ribavirin,103.4017852
d1,0.276,0.2734,1.8755,0,0,0,0.25,0,Remdesivir,Favipiravir,EIDD-1931,Ribavirin,0.162286998
d2,0.242,0.2734,1.8755,0,0,0,0.5,0,Remdesivir,Favipiravir,EIDD-1931,Ribavirin,-1.959927595
d3,0.225,0.2734,1.8755,0,0,0,1,0,Remdesivir,Favipiravir,EIDD-1931,Ribavirin,-3.021034892
d4,0.253,0.2734,1.8755,0,0,0,2,0,Remdesivir,Favipiravir,EIDD-1931,Ribavirin,-1.273328756
d5,0.462,0.2734,1.8755,0,0,0,4,0,Remdesivir,Favipiravir,EIDD-1931,Ribavirin,11.77204919
d6,1.777,0.2734,1.8755,0,0,0,8,0,Remdesivir,Favipiravir,EIDD-1931,Ribavirin,93.85181949
d7,1.768,0.2734,1.8755,0,0,0,16,0,Remdesivir,Favipiravir,EIDD-1931,Ribavirin,93.2900568
d8,1.19,0.2734,1.8755,0,0,0,32,0,Remdesivir,Favipiravir,EIDD-1931,Ribavirin,57.21240871
d9,0.262,0.2734,1.8755,0,0,0,0,0,Remdesivir,Favipiravir,EIDD-1931,Ribavirin,-0.71156607
d10,0.27,0.2734,1.8755,0,0,0,0,0,Remdesivir,Favipiravir,EIDD-1931,Ribavirin,-0.212221459
d11,1.851,0.2734,1.8755,0,0,0,0,0,Remdesivir,Favipiravir,EIDD-1931,Ribavirin,98.47075713
d12,1.861,0.2734,1.8755,0,0,0,0,0,Remdesivir,Favipiravir,EIDD-1931,Ribavirin,99.09493789
e1,0.306,0.2734,1.8755,0.125,0,0.125,0,0,Remdesivir,Favipiravir,EIDD-1931,Ribavirin,2.034829287
e2,0.29,0.2734,1.8755,0.5,0,0.125,0,0,Remdesivir,Favipiravir,EIDD-1931,Ribavirin,1.036140066
e3,1.885,0.2734,1.8755,2,0,0.125,0,0,Remdesivir,Favipiravir,EIDD-1931,Ribavirin,100.5929717
e4,1.847,0.2734,1.8755,4,0,0.125,0,0,Remdesivir,Favipiravir,EIDD-1931,Ribavirin,98.22108483
e5,0.321,0.2734,1.8755,0,1,0.125,0,0,Remdesivir,Favipiravir,EIDD-1931,Ribavirin,2.971100431
e6,0.341,0.2734,1.8755,0,8,0.125,0,0,Remdesivir,Favipiravir,EIDD-1931,Ribavirin,4.219461956
e7,0.345,0.2734,1.8755,0,16,0.125,0,0,Remdesivir,Favipiravir,EIDD-1931,Ribavirin,4.469134261
e8,0.737,0.2734,1.8755,0,64,0.125,0,0,Remdesivir,Favipiravir,EIDD-1931,Ribavirin,28.93702016
e9,0.289,0.2734,1.8755,0,0,0.125,0.25,0,Remdesivir,Favipiravir,EIDD-1931,Ribavirin,0.97372199
e10,0.275,0.2734,1.8755,0,0,0.125,1,0,Remdesivir,Favipiravir,EIDD-1931,Ribavirin,0.099868922
e11,0.571,0.2734,1.8755,0,0,0.125,4,0,Remdesivir,Favipiravir,EIDD-1931,Ribavirin,18.5756195
e12,1.756,0.2734,1.8755,0,0,0.125,8,0,Remdesivir,Favipiravir,EIDD-1931,Ribavirin,92.54103989
f1,0.335,0.2734,1.8755,0.125,0,0.5,0,0,Remdesivir,Favipiravir,EIDD-1931,Ribavirin,3.844953499
f2,0.37,0.2734,1.8755,0.5,0,0.5,0,0,Remdesivir,Favipiravir,EIDD-1931,Ribavirin,6.029586168
f3,1.927,0.2734,1.8755,2,0,0.5,0,0,Remdesivir,Favipiravir,EIDD-1931,Ribavirin,103.2145309
f4,1.918,0.2734,1.8755,4,0,0.5,0,0,Remdesivir,Favipiravir,EIDD-1931,Ribavirin,102.6527682
f5,0.355,0.2734,1.8755,0,1,0.5,0,0,Remdesivir,Favipiravir,EIDD-1931,Ribavirin,5.093315024
f6,0.365,0.2734,1.8755,0,8,0.5,0,0,Remdesivir,Favipiravir,EIDD-1931,Ribavirin,5.717495787
f7,0.393,0.2734,1.8755,0,16,0.5,0,0,Remdesivir,Favipiravir,EIDD-1931,Ribavirin,7.465201922
f8,0.944,0.2734,1.8755,0,64,0.5,0,0,Remdesivir,Favipiravir,EIDD-1931,Ribavirin,41.85756195
f9,0.33,0.2734,1.8755,0,0,0.5,0.25,0,Remdesivir,Favipiravir,EIDD-1931,Ribavirin,3.532863117
f10,0.337,0.2734,1.8755,0,0,0.5,1,0,Remdesivir,Favipiravir,EIDD-1931,Ribavirin,3.969789651
f11,0.727,0.2734,1.8755,0,0,0.5,4,0,Remdesivir,Favipiravir,EIDD-1931,Ribavirin,28.3128394
f12,1.872,0.2734,1.8755,0,0,0.5,8,0,Remdesivir,Favipiravir,EIDD-1931,Ribavirin,99.78153673
g1,0.413,0.2734,1.8755,0.125,0,1,0,0,Remdesivir,Favipiravir,EIDD-1931,Ribavirin,8.713563448
g2,0.502,0.2734,1.8755,0.5,0,1,0,0,Remdesivir,Favipiravir,EIDD-1931,Ribavirin,14.26877224
g3,1.97,0.2734,1.8755,2,0,1,0,0,Remdesivir,Favipiravir,EIDD-1931,Ribavirin,105.8985082
g4,1.9,0.2734,1.8755,4,0,1,0,0,Remdesivir,Favipiravir,EIDD-1931,Ribavirin,101.5292429
g5,0.445,0.2734,1.8755,0,1,1,0,0,Remdesivir,Favipiravir,EIDD-1931,Ribavirin,10.71094189
g6,0.458,0.2734,1.8755,0,8,1,0,0,Remdesivir,Favipiravir,EIDD-1931,Ribavirin,11.52237688
g7,0.488,0.2734,1.8755,0,16,1,0,0,Remdesivir,Favipiravir,EIDD-1931,Ribavirin,13.39491917
g8,0.876,0.2734,1.8755,0,64,1,0,0,Remdesivir,Favipiravir,EIDD-1931,Ribavirin,37.61313276
g9,0.414,0.2734,1.8755,0,0,1,0.25,0,Remdesivir,Favipiravir,EIDD-1931,Ribavirin,8.775981524
g10,0.415,0.2734,1.8755,0,0,1,1,0,Remdesivir,Favipiravir,EIDD-1931,Ribavirin,8.838399601
g11,0.919,0.2734,1.8755,0,0,1,4,0,Remdesivir,Favipiravir,EIDD-1931,Ribavirin,40.29711004
g12,1.898,0.2734,1.8755,0,0,1,8,0,Remdesivir,Favipiravir,EIDD-1931,Ribavirin,101.4044067
h1,0.54,0.2734,1.8755,0.125,0,2,0,0,Remdesivir,Favipiravir,EIDD-1931,Ribavirin,16.64065913
h2,0.654,0.2734,1.8755,0.5,0,2,0,0,Remdesivir,Favipiravir,EIDD-1931,Ribavirin,23.75631983
h3,1.472,0.2734,1.8755,2,0,2,0,0,Remdesivir,Favipiravir,EIDD-1931,Ribavirin,74.81430622
h4,1.538,0.2734,1.8755,4,0,2,0,0,Remdesivir,Favipiravir,EIDD-1931,Ribavirin,78.93389926
h5,0.459,0.2734,1.8755,0,1,2,0,0,Remdesivir,Favipiravir,EIDD-1931,Ribavirin,11.58479496
h6,0.526,0.2734,1.8755,0,8,2,0,0,Remdesivir,Favipiravir,EIDD-1931,Ribavirin,15.76680607
h7,0.555,0.2734,1.8755,0,16,2,0,0,Remdesivir,Favipiravir,EIDD-1931,Ribavirin,17.57693028
h8,1.052,0.2734,1.8755,0,64,2,0,0,Remdesivir,Favipiravir,EIDD-1931,Ribavirin,48.59871419
h9,0.46,0.2734,1.8755,0,0,2,0.25,0,Remdesivir,Favipiravir,EIDD-1931,Ribavirin,11.64721303
h10,0.495,0.2734,1.8755,0,0,2,1,0,Remdesivir,Favipiravir,EIDD-1931,Ribavirin,13.8318457
h11,0.998,0.2734,1.8755,0,0,2,4,0,Remdesivir,Favipiravir,EIDD-1931,Ribavirin,45.22813807
h12,1.869,0.2734,1.8755,0,0,2,8,0,Remdesivir,Favipiravir,EIDD-1931,Ribavirin,99.5942825
a1,0.318,0.311833333,1.916333333,0,0,0.0625,0,0,Remdesivir,Favipiravir,EIDD-1931,Ribavirin,0.384335722
a2,0.341,0.311833333,1.916333333,0,0,0.125,0,0,Remdesivir,Favipiravir,EIDD-1931,Ribavirin,1.817804093
a3,0.334,0.311833333,1.916333333,0,0,0.25,0,0,Remdesivir,Favipiravir,EIDD-1931,Ribavirin,1.38153111
a4,0.377,0.311833333,1.916333333,0,0,0.5,0,0,Remdesivir,Favipiravir,EIDD-1931,Ribavirin,4.061493716
a5,0.458,0.311833333,1.916333333,0,0,1,0,0,Remdesivir,Favipiravir,EIDD-1931,Ribavirin,9.109795367
a6,0.455,0.311833333,1.916333333,0,0,2,0,0,Remdesivir,Favipiravir,EIDD-1931,Ribavirin,8.922821232
a7,0.452,0.311833333,1.916333333,0,0,4,0,0,Remdesivir,Favipiravir,EIDD-1931,Ribavirin,8.735847097
a8,0.325,0.311833333,1.916333333,0,0,8,0,0,Remdesivir,Favipiravir,EIDD-1931,Ribavirin,0.820608705
a9,0.294,0.311833333,1.916333333,0,0,0,0,0,Remdesivir,Favipiravir,EIDD-1931,Ribavirin,-1.11145736
a10,0.286,0.311833333,1.916333333,0,0,0,0,0,Remdesivir,Favipiravir,EIDD-1931,Ribavirin,-1.610055053
a11,1.982,0.311833333,1.916333333,0,0,0,0,0,Remdesivir,Favipiravir,EIDD-1931,Ribavirin,104.0926561
a12,2.08,0.311833333,1.916333333,0,0,0,0,0,Remdesivir,Favipiravir,EIDD-1931,Ribavirin,110.2004778
b1,0.33,0.311833333,1.916333333,0,0,0.0625,0,0,Remdesivir,Favipiravir,EIDD-1931,Ribavirin,1.132232263
b2,0.334,0.311833333,1.916333333,0,0,0.125,0,0,Remdesivir,Favipiravir,EIDD-1931,Ribavirin,1.38153111
b3,0.33,0.311833333,1.916333333,0,0,0.25,0,0,Remdesivir,Favipiravir,EIDD-1931,Ribavirin,1.132232263
b4,0.372,0.311833333,1.916333333,0,0,0.5,0,0,Remdesivir,Favipiravir,EIDD-1931,Ribavirin,3.749870157
b5,0.459,0.311833333,1.916333333,0,0,1,0,0,Remdesivir,Favipiravir,EIDD-1931,Ribavirin,9.172120079
b6,0.476,0.311833333,1.916333333,0,0,2,0,0,Remdesivir,Favipiravir,EIDD-1931,Ribavirin,10.23164018
b7,0.541,0.311833333,1.916333333,0,0,4,0,0,Remdesivir,Favipiravir,EIDD-1931,Ribavirin,14.28274644
b8,0.386,0.311833333,1.916333333,0,0,8,0,0,Remdesivir,Favipiravir,EIDD-1931,Ribavirin,4.622416121
b9,0.311,0.311833333,1.916333333,0,0,0,0,0,Remdesivir,Favipiravir,EIDD-1931,Ribavirin,-0.05193726
b10,0.311,0.311833333,1.916333333,0,0,0,0,0,Remdesivir,Favipiravir,EIDD-1931,Ribavirin,-0.05193726
b11,1.871,0.311833333,1.916333333,0,0,0,0,0,Remdesivir,Favipiravir,EIDD-1931,Ribavirin,97.17461307
b12,1.896,0.311833333,1.916333333,0,0,0,0,0,Remdesivir,Favipiravir,EIDD-1931,Ribavirin,98.73273086
c1,0.299,0.311833333,1.916333333,0,0,0.0625,0,0,Remdesivir,Favipiravir,EIDD-1931,Ribavirin,-0.799833801
c2,0.278,0.311833333,1.916333333,0,0,0.125,0,0,Remdesivir,Favipiravir,EIDD-1931,Ribavirin,-2.108652747
c3,0.333,0.311833333,1.916333333,0,0,0.25,0,0,Remdesivir,Favipiravir,EIDD-1931,Ribavirin,1.319206399
c4,0.348,0.311833333,1.916333333,0,0,0.5,0,0,Remdesivir,Favipiravir,EIDD-1931,Ribavirin,2.254077075
c5,0.438,0.311833333,1.916333333,0,0,1,0,0,Remdesivir,Favipiravir,EIDD-1931,Ribavirin,7.863301132
c6,0.457,0.311833333,1.916333333,0,0,2,0,0,Remdesivir,Favipiravir,EIDD-1931,Ribavirin,9.047470655
c7,0.514,0.311833333,1.916333333,0,0,4,0,0,Remdesivir,Favipiravir,EIDD-1931,Ribavirin,12.59997923
c8,0.35,0.311833333,1.916333333,0,0,8,0,0,Remdesivir,Favipiravir,EIDD-1931,Ribavirin,2.378726498
c9,0.314,0.311833333,1.916333333,0,0,0,0,0,Remdesivir,Favipiravir,EIDD-1931,Ribavirin,0.135036875
c10,0.312,0.311833333,1.916333333,0,0,0,0,0,Remdesivir,Favipiravir,EIDD-1931,Ribavirin,0.010387452
c11,0.316,0.311833333,1.916333333,0,0,0,0,0,Remdesivir,Favipiravir,EIDD-1931,Ribavirin,0.259686299
c12,0.307,0.311833333,1.916333333,0,0,0,0,0,Remdesivir,Favipiravir,EIDD-1931,Ribavirin,-0.301236107
d1,0.284,0.311833333,1.916333333,0,0,0,0,0.02,Remdesivir,Favipiravir,EIDD-1931,Ribavirin,-1.734704477
d2,0.281,0.311833333,1.916333333,0,0,0,0,0.04,Remdesivir,Favipiravir,EIDD-1931,Ribavirin,-1.921678612
d3,0.291,0.311833333,1.916333333,0,0,0,0,0.08,Remdesivir,Favipiravir,EIDD-1931,Ribavirin,-1.298431495
d4,0.278,0.311833333,1.916333333,0,0,0,0,0.2,Remdesivir,Favipiravir,EIDD-1931,Ribavirin,-2.108652747
d5,0.284,0.311833333,1.916333333,0,0,0,0,0.3,Remdesivir,Favipiravir,EIDD-1931,Ribavirin,-1.734704477
d6,0.272,0.311833333,1.916333333,0,0,0,0,0.6,Remdesivir,Favipiravir,EIDD-1931,Ribavirin,-2.482601018
d7,0.23,0.311833333,1.916333333,0,0,0,0,1.3,Remdesivir,Favipiravir,EIDD-1931,Ribavirin,-5.100238911
d8,0.116,0.311833333,1.916333333,0,0,0,0,2.6,Remdesivir,Favipiravir,EIDD-1931,Ribavirin,-12.20525605
d9,0.237,0.311833333,1.916333333,0,0,0,0,5.1,Remdesivir,Favipiravir,EIDD-1931,Ribavirin,-4.663965929
d10,0.25,0.311833333,1.916333333,0,0,0,0,25,Remdesivir,Favipiravir,EIDD-1931,Ribavirin,-3.853744676
d11,0.248,0.311833333,1.916333333,0,0,0,0,25,Remdesivir,Favipiravir,EIDD-1931,Ribavirin,-3.9783941
d12,0.216,0.311833333,1.916333333,0,0,0,0,25,Remdesivir,Favipiravir,EIDD-1931,Ribavirin,-5.972784876